{"x [m]": [8.52e-06, 2.556e-05, 4.26e-05, 5.964e-05, 7.668e-05, 8.64e-05, 8.88e-05, 9.12e-05, 9.36e-05, 9.6e-05, 0.00010476, 0.00011988000000000001, 0.00013500000000000003, 0.00015012, 0.00016523999999999998], "x_n [m]": [8.52e-06, 2.556e-05, 4.26e-05, 5.964e-05, 7.668e-05], "x_s [m]": [8.64e-05, 8.88e-05, 9.12e-05, 9.36e-05, 9.6e-05], "x_p [m]": [0.00010476, 0.00011988000000000001, 0.00013500000000000003, 0.00015012, 0.00016523999999999998], "CCend Porosity": [[0.21547841352104877, 0.2154644647078167, 0.21543415122443607, 0.21538172611597056, 0.2152954512559662, 0.47, 0.47, 0.47, 0.47, 0.47, 0.335, 0.335, 0.335, 0.335, 0.335]], "CCend Negative electrode interfacial current density [A.m-2]": [[-0.4024835344678719, -0.41483016156118846, -0.4385560819090929, -0.46999389074224723, -0.497576138324159]], "CCend Electrolyte potential [V]": [[-0.054121017941386684, -0.05290413517906432, -0.05044163118106739, -0.046671450818620466, -0.04148855399962266, -0.03866655620751971, -0.0383722555108918, -0.03807770208857651, -0.03778288475762842, -0.0374877921648996, -0.03591973257670621, -0.03339418966461795, -0.031474254193311964, -0.03018827924720785, -0.02954901842031543]], "CCend Electrolyte concentration [mol.m-3]": [[774.4653588622226, 789.5179103556242, 820.9176600011998, 871.5508432093553, 946.6212156717626, 999.5475077159031, 1004.2763716395646, 1009.0335238040377, 1013.8193669097222, 1018.6343125872037, 1047.2668391432362, 1090.8171712725225, 1125.2533207081362, 1148.9892396724372, 1160.9945633249292]], "CCend Negative electrode reaction overpotential [V]": [[-0.037697782801058184, -0.0388405841731819, -0.041172612313285104, -0.04477932143332901, -0.04981789029701054]], "CCend Negative particle surface concentration [mol.m-3]": [[24685.93361162328, 25011.40448310579, 25684.3524490012, 26739.444984443522, 28211.151928316827]], "CDend Porosity": [[0.21574376833837935, 0.2157437865393285, 0.21574381611703614, 0.21574384891813336, 0.21574387956705796, 0.47, 0.47, 0.47, 0.47, 0.47, 0.335, 0.335, 0.335, 0.335, 0.335]], "CDend Negative electrode interfacial current density [A.m-2]": [[0.7595437407568115, 0.7550117469884479, 0.7468177882094252, 0.7360067467267292, 0.7232634779573403]], "CDend Electrolyte potential [V]": [[-0.9966668619097494, -0.9996161502424202, -1.005101714978042, -1.012640714702884, -1.0219762302672923, -1.0267768032086628, -1.0272632193781328, -1.0277494288334559, -1.0282354722338494, -1.0287213895584786, -1.0312769509328514, -1.0353589497568338, -1.0384376066736656, -1.040501647640201, -1.0415371843866128]], "CDend Electrolyte concentration [mol.m-3]": [[1559.7873704920114, 1483.5261270235908, 1352.889904770011, 1194.3457032529245, 1026.1584804556749, 929.6873845526344, 922.4997148693809, 915.3741105350603, 908.3093127271181, 901.3041018425814, 862.9248344082424, 808.7776365730338, 770.2910348226986, 745.5544198566926, 733.4539120563601]], "CDend Negative electrode reaction overpotential [V]": [[0.09370456751686183, 0.09476547227168064, 0.09673072665935104, 0.09941582983340665, 0.10272623929324223]], "CDend Negative particle surface concentration [mol.m-3]": [[761.5675382857139, 757.4453620668704, 749.7949482930188, 739.3270666161657, 726.4626149995928]], "CD Time [h]": [[0.0, 0.016666666666388885, 0.03333333333305555, 0.04999999999972221, 0.06666666666638887, 0.08333333333305554, 0.0999999999997222, 0.11666666666638886, 0.13333333333305553, 0.1499999999997222, 0.16666666666638885, 0.18333333333305557, 0.19999999999972223, 0.2166666666663889, 0.2333333333330555, 0.24999999999972222, 0.26666666666638883, 0.28333333333305555, 0.29999999999972227, 0.316666666666389, 0.3333333333330556, 0.3499999999997223, 0.3666666666663889, 0.38333333333305564, 0.39999999999972224, 0.41666666666638896, 0.43333333333305557, 0.4499999999997223, 0.4666666666663889, 0.4833333333330556, 0.4999999999997222, 0.5166666666663889, 0.5333333333330557, 0.5499999999997223, 0.566666666666389, 0.5833333333330556, 0.5999999999997223, 0.6166666666663889, 0.6333333333330556, 0.6499999999997222, 0.666666666666389, 0.6833333333330556, 0.6999999999997223, 0.7166666666663889, 0.7333333333330555, 0.7499999999997223, 0.7666666666663889, 0.7833333333330555, 0.7999999999997224, 0.816666666666389, 0.8333333333330556, 0.8499999999997222, 0.866666666666389, 0.8833333333330556, 0.8999999999997222, 0.9166666666663889, 0.9333333333330557, 0.9499999999997223, 0.9666666666663889, 0.9833333333330555, 0.9999999999997223, 1.016666666666389, 1.0333333333330557, 1.0499999999997223, 1.0666666666663889, 1.0833333333330555, 1.099999999999722, 1.1166666666663891, 1.1333333333330557, 1.1499999999997224, 1.166666666666389, 1.1833333333330556, 1.1999999999997222, 1.2166666666663888, 1.2333333333330554, 1.2499999999997224, 1.266666666666389, 1.2833333333330557, 1.2999999999997223, 1.3166666666663889, 1.3333333333330555, 1.349999999999722, 1.3666666666663891, 1.3833333333330557, 1.3999999999997224, 1.416666666666389, 1.4333333333330556, 1.4499999999997222, 1.4666666666663888, 1.4833333333330554, 1.4999999999997224, 1.516666666666389, 1.5333333333330557, 1.5499999999997223, 1.5666666666663889, 1.5833333333330555, 1.599999999999722, 1.6166666666663891, 1.6333333333330557, 1.6499999999997224, 1.666666666666389, 1.6833333333330556, 1.6999999999997222, 1.7166666666663888, 1.7333333333330558, 1.7499999999997224, 1.766666666666389, 1.7833333333330557, 1.7999999999997223, 1.8166666666663889, 1.833333333333056, 1.8499999999997225, 1.8666666666663891, 1.8833333333330557, 1.892755409515909]], "CD Terminal voltage [V]": [[4.1051656231499765, 4.024986716467927, 4.00268791883444, 3.992750653228719, 3.9879170802067927, 3.985136071109004, 3.982851460031942, 3.9802808864372636, 3.977019476019344, 3.972877773480478, 3.967827261878697, 3.961947611591115, 3.955368579601288, 3.9482448266995362, 3.9407251240839845, 3.9329436680044014, 3.925010146667248, 3.9170117469820633, 3.909006205200156, 3.9010244682160877, 3.893072328502287, 3.8851328594316303, 3.877175657764439, 3.8691663198364417, 3.86107781532184, 3.8528934327774857, 3.844602835475998, 3.8361962339573283, 3.827661660691743, 3.818985885549951, 3.810159523880663, 3.801189364955653, 3.7921133915045138, 3.7830111477956754, 3.773993374593478, 3.7651675808950067, 3.756595418491061, 3.748276231735744, 3.740154124310094, 3.732143400896681, 3.72415267648629, 3.7161024930751196, 3.7079389347454756, 3.6996365632540673, 3.691201425998355, 3.6826696707217037, 3.67409927075074, 3.665563246947923, 3.657138304397364, 3.648893656309, 3.640885054678192, 3.6331490047687676, 3.6256998238810842, 3.618532566969174, 3.6116272098428546, 3.604950156726564, 3.5984623444504087, 3.592120835126819, 3.585882911281942, 3.5797069124703937, 3.5735558919652117, 3.5673967375595623, 3.561200399926633, 3.554941541289531, 3.548596933083846, 3.5421455520825313, 3.5355661927372033, 3.5288379743844605, 3.521939049503424, 3.5148461855658972, 3.5075347544320232, 3.499979468728421, 3.492156043433158, 3.484044215009833, 3.4756331219825523, 3.4669264607971337, 3.4579499262354716, 3.4487527889236036, 3.439409142808369, 3.430007729933667, 3.420642530888111, 3.411398128561018, 3.402339244031782, 3.3935036426104, 3.384898873999142, 3.3765015000732497, 3.3682582032055004, 3.3600844682023885, 3.351864736531298, 3.343454819677534, 3.3346800002912076, 3.325336950545937, 3.315180890892421, 3.3038927837972762, 3.2910299974642436, 3.2759800029483275, 3.2580283713828715, 3.2367361576016234, 3.212545260686417, 3.1868699173395454, 3.1612810848222272, 3.136607521904386, 3.1126953370673505, 3.0887200993587447, 3.063580593744458, 3.0361154226812928, 3.005158616057268, 2.96950641258945, 2.927852847989497, 2.878708858543881, 2.8203278888225345, 2.7506017729716814, 2.666949155731447, 2.566131117159596, 2.500010000000001]], "Discharge capacity [A.h]": [4.731888523789771], "Throughput capacity [A.h]": [9.146542836144903], "CDend Total lithium capacity in particles [A.h]": [6.641069688393905],