{"x [m]": [8.52e-06, 2.556e-05, 4.26e-05, 5.964e-05, 7.668e-05, 8.64e-05, 8.88e-05, 9.12e-05, 9.36e-05, 9.6e-05, 0.00010476, 0.00011988000000000001, 0.00013500000000000003, 0.00015012, 0.00016523999999999998], "x_n [m]": [8.52e-06, 2.556e-05, 4.26e-05, 5.964e-05, 7.668e-05], "x_s [m]": [8.64e-05, 8.88e-05, 9.12e-05, 9.36e-05, 9.6e-05], "x_p [m]": [0.00010476, 0.00011988000000000001, 0.00013500000000000003, 0.00015012, 0.00016523999999999998], "CCend Porosity": [[0.21703669995528632, 0.2170198916397216, 0.2169833064061271, 0.2169198769993783, 0.2168151508096533, 0.47, 0.47, 0.47, 0.47, 0.47, 0.335, 0.335, 0.335, 0.335, 0.335]], "CCend Negative electrode interfacial current density [A.m-2]": [[-0.42472068914214833, -0.4340980917690665, -0.44988347223323893, -0.463329215393143, -0.45024713312457204]], "CCend Electrolyte potential [V]": [[-0.04937397418676107, -0.04810322541894756, -0.04554300094653854, -0.04165594268079563, -0.036389544413980845, -0.03359042420738813, -0.03329611082547767, -0.033001540150007544, -0.03270670094701593, -0.03241158181031458, -0.0308432890025975, -0.028315781744309473, -0.0263939008124965, -0.025106971116626298, -0.02446774475299625]], "CCend Electrolyte concentration [mol.m-3]": [[771.5350742037914, 787.1956301182953, 819.7610824451722, 871.9290417701342, 948.2886609926258, 1000.7743938245344, 1005.5092021144319, 1010.2724342532995, 1015.0644959909139, 1019.8858021003916, 1048.5585004237576, 1092.1983075735673, 1126.7149700153657, 1150.5007698428722, 1162.5218932155547]], "CCend Negative electrode reaction overpotential [V]": [[-0.042307696667083575, -0.04352876674113512, -0.04600676019688711, -0.04981905252103462, -0.0550269370922271]], "CCend Negative particle surface concentration [mol.m-3]": [[26280.15533716906, 26643.133275926724, 27382.62372342498, 28507.940484662875, 29983.644271105488]], "CDend Porosity": [[0.21735912000415689, 0.21735914080384472, 0.21735917467705304, 0.2173592123484374, 0.21735924764175832, 0.47, 0.47, 0.47, 0.47, 0.47, 0.335, 0.335, 0.335, 0.335, 0.335]], "CDend Negative electrode interfacial current density [A.m-2]": [[0.7605620299631708, 0.7557263879723535, 0.7469866095838018, 0.7354704175973239, 0.721929111999406]], "CDend Electrolyte potential [V]": [[-0.9564660065413535, -0.9593708821570712, -0.9647823448270432, -0.9722312546095488, -0.9814632262091731, -0.9862216827607284, -0.9867081235656121, -0.9871943493583977, -0.9876804009233204, -0.9881663183568596, -0.9907217229572585, -0.9948137857575443, -0.9979015048227009, -0.9999690600010094, -1.0010032720738709]], "CDend Electrolyte concentration [mol.m-3]": [[1551.8262722144088, 1477.1355787262837, 1348.8293830029127, 1192.5997446284946, 1026.4110742257521, 930.9424567033813, 923.7442491763136, 916.6083519067357, 909.5334984030386, 902.5184617227175, 864.0887879685481, 809.7382057806128, 771.0956333483597, 746.2923478918332, 734.1955876131644]], "CDend Negative electrode reaction overpotential [V]": [[0.09138878434375705, 0.09240140013481406, 0.09428184660303973, 0.09685847937965564, 0.10004251106742068]], "CDend Negative particle surface concentration [mol.m-3]": [[846.4395105810122, 842.0076917896722, 833.7778253804465, 822.5156824793612, 808.6858973126624]], "CD Time [h]": [[0.0, 0.016666666666388885, 0.03333333333305555, 0.04999999999972221, 0.06666666666638887, 0.08333333333305554, 0.0999999999997222, 0.11666666666638886, 0.13333333333305553, 0.1499999999997222, 0.16666666666638885, 0.18333333333305551, 0.19999999999972218, 0.2166666666663889, 0.2333333333330555, 0.24999999999972222, 0.26666666666638883, 0.28333333333305555, 0.29999999999972216, 0.3166666666663889, 0.3333333333330555, 0.3499999999997222, 0.3666666666663889, 0.3833333333330555, 0.39999999999972224, 0.41666666666638885, 0.43333333333305557, 0.4499999999997222, 0.4666666666663889, 0.4833333333330555, 0.4999999999997222, 0.5166666666663888, 0.5333333333330555, 0.5499999999997222, 0.5666666666663889, 0.5833333333330555, 0.5999999999997222, 0.6166666666663889, 0.6333333333330555, 0.6499999999997222, 0.6666666666663889, 0.6833333333330556, 0.6999999999997222, 0.7166666666663888, 0.7333333333330556, 0.7499999999997222, 0.7666666666663888, 0.7833333333330554, 0.7999999999997223, 0.8166666666663889, 0.8333333333330555, 0.8499999999997221, 0.8666666666663889, 0.8833333333330555, 0.8999999999997221, 0.916666666666389, 0.9333333333330556, 0.9499999999997222, 0.9666666666663888, 0.9833333333330556, 0.9999999999997222, 1.0166666666663888, 1.0333333333330554, 1.0499999999997223, 1.0666666666663889, 1.0833333333330555, 1.099999999999722, 1.116666666666389, 1.1333333333330555, 1.1499999999997221, 1.166666666666389, 1.1833333333330556, 1.1999999999997222, 1.2166666666663888, 1.2333333333330556, 1.2499999999997222, 1.2666666666663888, 1.2833333333330554, 1.2999999999997223, 1.3166666666663889, 1.3333333333330555, 1.349999999999722, 1.366666666666389, 1.3833333333330555, 1.3999999999997221, 1.416666666666389, 1.4333333333330556, 1.4499999999997222, 1.4666666666663888, 1.4833333333330556, 1.4999999999997222, 1.5166666666663888, 1.5333333333330554, 1.5499999999997223, 1.5666666666663889, 1.5833333333330555, 1.599999999999722, 1.616666666666389, 1.6333333333330555, 1.6499999999997221, 1.666666666666389, 1.6833333333330556, 1.6999999999997222, 1.716666666666389, 1.7333333333330556, 1.7499999999997222, 1.7666666666663888, 1.7833333333330554, 1.799999999999722, 1.8166666666663887, 1.8333333333330557, 1.8499999999997223, 1.866666666666389, 1.8833333333330555, 1.8999999999997221, 1.9166666666663887, 1.9333333333330553, 1.9499999999997224, 1.966666666666389, 1.9833333333330556, 1.9999999999997222, 2.013036313086306]],