{"x [m]": [8.52e-06, 2.556e-05, 4.26e-05, 5.964e-05, 7.668e-05, 8.64e-05, 8.88e-05, 9.12e-05, 9.36e-05, 9.6e-05, 0.00010476, 0.00011988000000000001, 0.00013500000000000003, 0.00015012, 0.00016523999999999998], "x_n [m]": [8.52e-06, 2.556e-05, 4.26e-05, 5.964e-05, 7.668e-05], "x_s [m]": [8.64e-05, 8.88e-05, 9.12e-05, 9.36e-05, 9.6e-05], "x_p [m]": [0.00010476, 0.00011988000000000001, 0.00013500000000000003, 0.00015012, 0.00016523999999999998], "CCend Porosity": [[0.23646518861166504, 0.23645197451551744, 0.23642351622997357, 0.23637508024138681, 0.2362973137737414, 0.47, 0.47, 0.47, 0.47, 0.47, 0.335, 0.335, 0.335, 0.335, 0.335]], "CCend Negative electrode interfacial current density [A.m-2]": [[-0.41093754994069315, -0.42114486489811426, -0.4404142406584534, -0.4651663264718363, -0.48558479758739703]], "CCend Electrolyte potential [V]": [[-0.05307178817288121, -0.05199494106887826, -0.04981956393004189, -0.046499711585732, -0.04195991458466932, -0.03942284888745047, -0.03912860607052331, -0.038834113723188776, -0.038539360707485655, -0.038244335716688525, -0.03667674338900526, -0.03415230078340574, -0.03223343162650193, -0.030948213813952935, -0.030309289125982422]], "CCend Electrolyte concentration [mol.m-3]": [[797.5299766528246, 811.246181532184, 839.7119191296973, 885.1938420613258, 951.6650680833577, 998.2719040801406, 1002.9934045355316, 1007.7430826271934, 1012.521338625102, 1017.3285816587941, 1045.9129035032904, 1089.3827740764375, 1123.7499772293718, 1147.436899022806, 1159.4179793422381]], "CCend Negative electrode reaction overpotential [V]": [[-0.03868903096850444, -0.03970896412638791, -0.041782046270188604, -0.04497396303427348, -0.049404900400064226]], "CCend Negative particle surface concentration [mol.m-3]": [[25219.23713839441, 25516.832363616435, 26127.595107799454, 27074.18402158515, 28374.11442299944]], "CDend Porosity": [[0.2367537154423148, 0.23675372977741793, 0.23675375404148485, 0.23675378239506423, 0.23675381031165016, 0.47, 0.47, 0.47, 0.47, 0.47, 0.335, 0.335, 0.335, 0.335, 0.335]], "CDend Negative electrode interfacial current density [A.m-2]": [[0.7571712746151251, 0.7534775611353324, 0.746618309612372, 0.7373038150077251, 0.726086181224981]], "CDend Electrolyte potential [V]": [[-0.9930095979864395, -0.9954144438588759, -0.9999813947486266, -1.0064006291104959, -1.0144746477495208, -1.0187803204968005, -1.0192671870740702, -1.0197537667776957, -1.0202401016791731, -1.0207262330951796, -1.0232812540306944, -1.0273596056575873, -1.0304324418337891, -1.0324908844519953, -1.0335228904184637]], "CDend Electrolyte concentration [mol.m-3]": [[1464.5715655137146, 1406.556916470911, 1303.5220142095454, 1172.909973415756, 1028.8902929092249, 944.1771707811573, 936.8641972597813, 929.6158134188994, 922.4306804895026, 915.307502293105, 876.3212683151908, 821.3474005418049, 782.3160243327335, 757.2503367093381, 744.9972594195589]], "CDend Negative electrode reaction overpotential [V]": [[0.09477136625789591, 0.09562645482801463, 0.09724530694781686, 0.0995118763839703, 0.102355277564032]], "CDend Negative particle surface concentration [mol.m-3]": [[771.8062082375156, 768.3948448845358, 761.9275718952272, 752.8766143062898, 741.5747073309905]], "CD Time [h]": [[0.0, 0.01666666666638883, 0.03333333333305549, 0.04999999999972221, 0.06666666666638887, 0.08333333333305554, 0.0999999999997222, 0.11666666666638886, 0.13333333333305553, 0.1499999999997222, 0.16666666666638885, 0.18333333333305551, 0.19999999999972218, 0.21666666666638884, 0.2333333333330555, 0.24999999999972222, 0.26666666666638883, 0.28333333333305555, 0.29999999999972216, 0.3166666666663889, 0.3333333333330555, 0.3499999999997222, 0.3666666666663888, 0.3833333333330555, 0.39999999999972213, 0.41666666666638885, 0.43333333333305557, 0.4499999999997222, 0.4666666666663889, 0.4833333333330555, 0.4999999999997222, 0.5166666666663888, 0.5333333333330555, 0.5499999999997222, 0.5666666666663889, 0.5833333333330555, 0.5999999999997222, 0.6166666666663888, 0.6333333333330555, 0.6499999999997221, 0.6666666666663889, 0.6833333333330556, 0.6999999999997222, 0.7166666666663889, 0.7333333333330555, 0.7499999999997221, 0.7666666666663889, 0.7833333333330555, 0.7999999999997222, 0.8166666666663888, 0.8333333333330556, 0.8499999999997222, 0.8666666666663888, 0.8833333333330554, 0.8999999999997222, 0.9166666666663889, 0.9333333333330555, 0.9499999999997223, 0.9666666666663889, 0.9833333333330555, 0.9999999999997221, 1.016666666666389, 1.0333333333330557, 1.0499999999997223, 1.0666666666663889, 1.0833333333330555, 1.099999999999722, 1.1166666666663887, 1.1333333333330553, 1.1499999999997224, 1.166666666666389, 1.1833333333330556, 1.1999999999997222, 1.2166666666663888, 1.2333333333330554, 1.249999999999722, 1.266666666666389, 1.2833333333330557, 1.2999999999997223, 1.3166666666663889, 1.3333333333330555, 1.349999999999722, 1.3666666666663887, 1.3833333333330553, 1.3999999999997224, 1.416666666666389, 1.4333333333330556, 1.4499999999997222, 1.4666666666663888, 1.4833333333330554, 1.499999999999722, 1.516666666666389, 1.5333333333330557, 1.5499999999997223, 1.5666666666663889, 1.5833333333330555, 1.599999999999722, 1.6166666666663887, 1.6333333333330553, 1.6499999999997224, 1.666666666666389, 1.6833333333330556, 1.6999999999997222, 1.7166666666663888, 1.7333333333330554, 1.749999999999722, 1.7666666666663886, 1.7833333333330552, 1.7999999999997223, 1.8166666666663889, 1.8333333333330555, 1.849999999999722, 1.8666666666663887, 1.8833333333330553, 1.899999999999722, 1.9166666666663885, 1.9188753518037371]], "CD Terminal voltage [V]": [[4.104194551966227, 4.024794445036586, 4.002925407823808, 3.99320781397551, 3.988491786459167, 3.9857885443239365, 3.9835661489401017, 3.981050805485837, 3.9778406088785463, 3.9737472838170778, 3.968742948181283, 3.9629080764366895, 3.9563732192597967, 3.9492948083439066, 3.9418236433905456, 3.9340969663732155, 3.9262298780790372, 3.9183147883291687, 3.9104207266412585, 3.9025918718864157, 3.8948506196288055, 3.887197065718309, 3.879611855823647, 3.8720597740117757, 3.86449322649044, 3.8568660377805486, 3.8491368110049655, 3.8412749303805116, 3.8332533748391495, 3.82504710940899, 3.8166297675589345, 3.8079783185428595, 3.799082659764926, 3.7899628344153005, 3.7806860858980906, 3.771367082829643, 3.7621379890853603, 3.7531007893901784, 3.7442939922471776, 3.7356902640795475, 3.7272210815850233, 3.718805412255318, 3.710373726080907, 3.701882556691265, 3.6933207997051847, 3.684709237630035, 3.6760952857048084, 3.667543590034361, 3.6591255290811007, 3.6509068365798854, 3.642942919489191, 3.6352685832159146, 3.6278996070604324, 3.620832471598426, 3.614048405521091, 3.607518358102954, 3.6012031113413445, 3.5950616301331646, 3.589051421233428, 3.583130643076414, 3.5772591402315896, 3.5714007789221656, 3.565522666086883, 3.559595351426447, 3.5535928184117855, 3.5474918534961857, 3.541270527669992, 3.5349080042545253, 3.5283833667703015, 3.5216747650238123, 3.5147589020714225, 3.507610986436662, 3.5002051334429627, 3.4925159110687423, 3.4845213602512546, 3.4762069620097376, 3.4675726487044987, 3.4586369628662585, 3.4494444528364383, 3.440063173829809, 3.430580509154427, 3.4210933128291465, 3.4116949166591457, 3.4024633337093153, 3.393452849363159, 3.3846894662849323, 3.3761704034269897, 3.367861089031483, 3.3597003136653907, 3.3515974622141878, 3.3434297185523203, 3.335039722660709, 3.3262337386999477, 3.3167754001372556, 3.306366898073554, 3.2946145187584333, 3.280978793984239, 3.2647708855624695, 3.245346985470909, 3.222617467105048, 3.1974955357275228, 3.1715823548548965, 3.1462276622798937, 3.121857292069542, 3.0980050829374113, 3.073693660066006, 3.0477756851811453, 3.019082980938545, 2.9864394031985286, 2.948609732700363, 2.9042271847102956, 2.851716517181287, 2.789202380574692, 2.7144114827514105, 2.6245369458923653, 2.5160229505396705, 2.5000100000000005]], "Discharge capacity [A.h]": [4.797188379509343], "Throughput capacity [A.h]": [9.279554266968283],