{"x [m]": [8.52e-06, 2.556e-05, 4.26e-05, 5.964e-05, 7.668e-05, 8.64e-05, 8.88e-05, 9.12e-05, 9.36e-05, 9.6e-05, 0.00010476, 0.00011988000000000001, 0.00013500000000000003, 0.00015012, 0.00016523999999999998], "x_n [m]": [8.52e-06, 2.556e-05, 4.26e-05, 5.964e-05, 7.668e-05], "x_s [m]": [8.64e-05, 8.88e-05, 9.12e-05, 9.36e-05, 9.6e-05], "x_p [m]": [0.00010476, 0.00011988000000000001, 0.00013500000000000003, 0.00015012, 0.00016523999999999998], "CCend Porosity": [[0.23400928473278232, 0.2339943913270807, 0.23396224660626966, 0.23390733445269554, 0.23381869843037964, 0.47, 0.47, 0.47, 0.47, 0.47, 0.335, 0.335, 0.335, 0.335, 0.335]], "CCend Negative electrode interfacial current density [A.m-2]": [[-0.4214627695977081, -0.4302543237529553, -0.44574446852824773, -0.4619333326023169, -0.4632392138372028]], "CCend Electrolyte potential [V]": [[-0.050508100251959925, -0.04938555803885704, -0.04712279517636014, -0.043683701746488474, -0.039013610118551915, -0.03644596765173847, -0.03615170825368348, -0.03585719667760385, -0.03556242175436321, -0.03526737214481666, -0.033699586587248406, -0.0311739240606132, -0.029253855829082423, -0.027968020060884224, -0.027329070462820293]], "CCend Electrolyte concentration [mol.m-3]": [[792.8054822657411, 807.0195179090563, 836.4863605550216, 883.4553978095992, 951.7651571695808, 999.0786526563593, 1003.8042822227682, 1008.5581710668177, 1013.3407212755661, 1018.1523438522854, 1046.7642282596335, 1090.292332738302, 1124.7114713696967, 1148.4313048051188, 1160.4238451189046]], "CCend Negative electrode reaction overpotential [V]": [[-0.04119073099093941, -0.04226641661298658, -0.044448543425707, -0.047802042383402576, -0.05242981253543195]], "CCend Negative particle surface concentration [mol.m-3]": [[26093.79299044288, 26415.45654923401, 27071.076360781775, 28072.991533663153, 29410.047938483767]], "CDend Porosity": [[0.23432901435556805, 0.2343290304659841, 0.2343290576092819, 0.23432908913635236, 0.23432911998259806, 0.47, 0.47, 0.47, 0.47, 0.47, 0.335, 0.335, 0.335, 0.335, 0.335]], "CDend Negative electrode interfacial current density [A.m-2]": [[0.7580141860833374, 0.7540588444436369, 0.7467418511866953, 0.7368523646894866, 0.7249944386316469]], "CDend Electrolyte potential [V]": [[-0.9700778953770328, -0.972537550813051, -0.9771988464532922, -0.9837352944623176, -0.9919420526205227, -0.9962995737613218, -0.9967863835618382, -0.9972729140598988, -0.9977592071821365, -0.9982453041074876, -1.0008003068640372, -1.0048840068402987, -1.0079619368165014, -1.0100226826239231, -1.0110543653651642]], "CDend Electrolyte concentration [mol.m-3]": [[1474.189065264422, 1414.4231135148823, 1308.6638661620277, 1175.2020486103836, 1028.6552711144411, 942.7111430488952, 935.4110841787565, 928.1753674102686, 921.002661885293, 913.8916790051029, 874.9682180948192, 820.0138887904598, 780.9857049104977, 755.9368071773215, 743.7095570469706]], "CDend Negative electrode reaction overpotential [V]": [[0.09324142235219297, 0.0941019027456837, 0.09572801217079542, 0.09800024688538664, 0.1008471210915669]], "CDend Negative particle surface concentration [mol.m-3]": [[819.4318885771268, 815.7698416714761, 808.8455319824291, 799.1848552828333, 787.1539915660424]], "CD Time [h]": [[0.0, 0.016666666666388885, 0.03333333333305555, 0.04999999999972221, 0.06666666666638887, 0.08333333333305554, 0.0999999999997222, 0.11666666666638886, 0.13333333333305553, 0.1499999999997222, 0.16666666666638885, 0.18333333333305551, 0.19999999999972218, 0.21666666666638884, 0.23333333333305556, 0.24999999999972217, 0.2666666666663889, 0.2833333333330555, 0.2999999999997222, 0.3166666666663888, 0.33333333333305554, 0.34999999999972226, 0.36666666666638886, 0.3833333333330556, 0.3999999999997222, 0.4166666666663889, 0.4333333333330555, 0.44999999999972223, 0.46666666666638884, 0.48333333333305556, 0.49999999999972217, 0.5166666666663888, 0.5333333333330554, 0.5499999999997223, 0.5666666666663889, 0.5833333333330555, 0.5999999999997223, 0.6166666666663889, 0.6333333333330555, 0.6499999999997221, 0.666666666666389, 0.6833333333330556, 0.6999999999997222, 0.7166666666663888, 0.7333333333330554, 0.7499999999997222, 0.7666666666663888, 0.7833333333330554, 0.799999999999722, 0.8166666666663889, 0.8333333333330555, 0.8499999999997221, 0.8666666666663889, 0.8833333333330555, 0.8999999999997221, 0.9166666666663887, 0.9333333333330556, 0.9499999999997222, 0.9666666666663888, 0.9833333333330554, 0.9999999999997222, 1.0166666666663888, 1.0333333333330554, 1.049999999999722, 1.0666666666663889, 1.0833333333330555, 1.099999999999722, 1.116666666666389, 1.1333333333330555, 1.1499999999997221, 1.1666666666663887, 1.1833333333330556, 1.1999999999997222, 1.2166666666663888, 1.2333333333330554, 1.2499999999997222, 1.2666666666663888, 1.2833333333330554, 1.299999999999722, 1.3166666666663889, 1.3333333333330555, 1.349999999999722, 1.366666666666389, 1.3833333333330555, 1.3999999999997221, 1.4166666666663887, 1.4333333333330556, 1.4499999999997222, 1.4666666666663888, 1.4833333333330554, 1.4999999999997222, 1.5166666666663888, 1.5333333333330554, 1.549999999999722, 1.5666666666663889, 1.5833333333330555, 1.599999999999722, 1.616666666666389, 1.6333333333330555, 1.6499999999997221, 1.6666666666663887, 1.6833333333330556, 1.6999999999997222, 1.7166666666663888, 1.7333333333330554, 1.749999999999722, 1.7666666666663886, 1.7833333333330557, 1.7999999999997223, 1.8166666666663889, 1.8333333333330555, 1.849999999999722, 1.8666666666663887, 1.8833333333330553, 1.8999999999997224, 1.916666666666389, 1.9333333333330556, 1.9499999999997222, 1.9666666666663888, 1.9833333333330554, 1.9864815062405854]],