{"x [m]": [8.52e-06, 2.556e-05, 4.26e-05, 5.964e-05, 7.668e-05, 8.64e-05, 8.88e-05, 9.12e-05, 9.36e-05, 9.6e-05, 0.00010476, 0.00011988000000000001, 0.00013500000000000003, 0.00015012, 0.00016523999999999998], "x_n [m]": [8.52e-06, 2.556e-05, 4.26e-05, 5.964e-05, 7.668e-05], "x_s [m]": [8.64e-05, 8.88e-05, 9.12e-05, 9.36e-05, 9.6e-05], "x_p [m]": [0.00010476, 0.00011988000000000001, 0.00013500000000000003, 0.00015012, 0.00016523999999999998], "CCend Porosity": [[0.215841117561417, 0.21582506608348676, 0.21579012836359426, 0.21572955090102694, 0.21562950665992314, 0.47, 0.47, 0.47, 0.47, 0.47, 0.335, 0.335, 0.335, 0.335, 0.335]], "CCend Negative electrode interfacial current density [A.m-2]": [[-0.4174572712518899, -0.4278665033105772, -0.4463095662614506, -0.46557325616790857, -0.46548583636679347]], "CCend Electrolyte potential [V]": [[-0.050887759850380125, -0.04962829027884474, -0.04708720520314297, -0.04321891079311519, -0.03795376191903524, -0.03513686452723086, -0.03484255053370458, -0.03454798059585637, -0.034253143493203984, -0.03395802783358449, -0.03238977697941472, -0.029862838670837485, -0.027941524560400305, -0.02665485773620957, -0.026015597445975217]], "CCend Electrolyte concentration [mol.m-3]": [[771.5734860608165, 787.09565473857, 819.4106576059604, 871.2986347905376, 947.5848196258297, 1000.445547175119, 1005.1788686189731, 1009.9405752167933, 1014.7310718643815, 1019.5507724555657, 1048.2132933140717, 1091.8287516095081, 1126.3232943562227, 1150.0957816532712, 1162.113233762893]], "CCend Negative electrode reaction overpotential [V]": [[-0.040832845072680264, -0.04203669543919773, -0.0444818574973618, -0.04824892762136004, -0.053466597188369824]], "CCend Negative particle surface concentration [mol.m-3]": [[25837.831279878366, 26193.74560900675, 26922.345996286553, 28041.931516799617, 29540.37805584929]], "CDend Porosity": [[0.2161472138650928, 0.21614723424453985, 0.2161472673498775, 0.2161473040470483, 0.2161473383144748, 0.47, 0.47, 0.47, 0.47, 0.47, 0.335, 0.335, 0.335, 0.335, 0.335]], "CDend Negative electrode interfacial current density [A.m-2]": [[0.7603603542914884, 0.7555774962428247, 0.7469425808390887, 0.7355745251422154, 0.7222100259262015]], "CDend Electrolyte potential [V]": [[-0.968114536582185, -0.9710554086715597, -0.9765263878515636, -0.9840464580756471, -0.9933582439936959, -0.9981482228336805, -0.9986346463345622, -0.9991208608107576, -0.9996069069546561, -1.0000928247763914, -1.0026483512175521, -1.0067354351715374, -1.0098185996770646, -1.0118842592580877, -1.0129189564786654]], "CDend Electrolyte concentration [mol.m-3]": [[1558.0719081482246, 1482.1198561957337, 1351.9568961452828, 1193.9089729678672, 1026.184704485755, 929.9693388311241, 922.7792576056921, 915.6513081500831, 908.5842295409669, 901.5768001665629, 863.1862037998352, 808.957264465454, 770.4074835164433, 745.6483996359274, 733.5562744946375]], "CDend Negative electrode reaction overpotential [V]": [[0.09199729005232697, 0.09303251080281318, 0.0949517115323904, 0.09757644228232151, 0.10081534481983624]], "CDend Negative particle surface concentration [mol.m-3]": [[821.0912528906852, 816.720892362743, 808.6141689618125, 797.5316934006566, 783.9283347160749]], "CD Time [h]": [[0.0, 0.016666666666388885, 0.03333333333305555, 0.04999999999972221, 0.06666666666638887, 0.08333333333305559, 0.09999999999972226, 0.11666666666638892, 0.13333333333305558, 0.14999999999972224, 0.1666666666663889, 0.18333333333305557, 0.19999999999972223, 0.2166666666663889, 0.23333333333305561, 0.24999999999972222, 0.26666666666638894, 0.28333333333305555, 0.29999999999972216, 0.3166666666663889, 0.3333333333330555, 0.3499999999997222, 0.3666666666663888, 0.3833333333330555, 0.39999999999972213, 0.41666666666638885, 0.43333333333305546, 0.4499999999997222, 0.4666666666663888, 0.4833333333330555, 0.4999999999997222, 0.5166666666663888, 0.5333333333330555, 0.5499999999997222, 0.5666666666663889, 0.5833333333330555, 0.5999999999997222, 0.6166666666663888, 0.6333333333330555, 0.6499999999997221, 0.6666666666663889, 0.6833333333330555, 0.6999999999997222, 0.7166666666663888, 0.7333333333330554, 0.7499999999997222, 0.7666666666663888, 0.7833333333330554, 0.7999999999997223, 0.8166666666663889, 0.8333333333330555, 0.8499999999997221, 0.8666666666663889, 0.8833333333330555, 0.8999999999997221, 0.9166666666663887, 0.9333333333330556, 0.9499999999997222, 0.9666666666663888, 0.9833333333330554, 0.9999999999997222, 1.0166666666663888, 1.0333333333330554, 1.0499999999997223, 1.0666666666663889, 1.0833333333330555, 1.099999999999722, 1.116666666666389, 1.1333333333330555, 1.1499999999997221, 1.1666666666663887, 1.1833333333330556, 1.1999999999997222, 1.2166666666663888, 1.2333333333330554, 1.2499999999997222, 1.2666666666663888, 1.2833333333330554, 1.2999999999997223, 1.3166666666663889, 1.3333333333330555, 1.349999999999722, 1.366666666666389, 1.3833333333330555, 1.3999999999997221, 1.4166666666663887, 1.4333333333330556, 1.4499999999997222, 1.4666666666663888, 1.4833333333330554, 1.4999999999997222, 1.5166666666663888, 1.5333333333330554, 1.5499999999997223, 1.5666666666663889, 1.5833333333330555, 1.599999999999722, 1.616666666666389, 1.6333333333330555, 1.6499999999997221, 1.6666666666663887, 1.6833333333330556, 1.6999999999997222, 1.7166666666663888, 1.7333333333330556, 1.7499999999997222, 1.7666666666663888, 1.7833333333330554, 1.799999999999722, 1.8166666666663887, 1.8333333333330557, 1.8499999999997223, 1.866666666666389, 1.8833333333330555, 1.8999999999997221, 1.9166666666663887, 1.9333333333330553, 1.949999999999722, 1.966666666666389, 1.9808224096803106]],