{"x [m]": [8.52e-06, 2.556e-05, 4.26e-05, 5.964e-05, 7.668e-05, 8.64e-05, 8.88e-05, 9.12e-05, 9.36e-05, 9.6e-05, 0.00010476, 0.00011988000000000001, 0.00013500000000000003, 0.00015012, 0.00016523999999999998], "x_n [m]": [8.52e-06, 2.556e-05, 4.26e-05, 5.964e-05, 7.668e-05], "x_s [m]": [8.64e-05, 8.88e-05, 9.12e-05, 9.36e-05, 9.6e-05], "x_p [m]": [0.00010476, 0.00011988000000000001, 0.00013500000000000003, 0.00015012, 0.00016523999999999998], "CCend Porosity": [[0.21463878895726468, 0.21462312779557632, 0.21458903103870786, 0.21452988272917772, 0.2144321158410375, 0.47, 0.47, 0.47, 0.47, 0.47, 0.335, 0.335, 0.335, 0.335, 0.335]], "CCend Negative electrode interfacial current density [A.m-2]": [[-0.4135283083543243, -0.4245287856098227, -0.4444645339354418, -0.466894312767671, -0.4734779900486521]], "CCend Electrolyte potential [V]": [[-0.05168831463457923, -0.05043000188018577, -0.04788926528062406, -0.044015787579243425, -0.038730213590745584, -0.03589518202015427, -0.03560086693608061, -0.035306296458025264, -0.035011459371126034, -0.03471634428894894, -0.033148105368993645, -0.03062142335441069, -0.028700364113039042, -0.027413809173315096, -0.026774524406671385]], "CCend Electrolyte concentration [mol.m-3]": [[770.8547787940367, 786.3481667233737, 818.6278541110674, 870.5371953033316, 947.0639604562014, 1000.3178922825905, 1005.0506589616691, 1009.8117952814972, 1014.6017057872956, 1019.4208040149753, 1048.079498257549, 1091.6849608258829, 1126.17032773165, 1149.937485103131, 1161.9537368506928]], "CCend Negative electrode reaction overpotential [V]": [[-0.040054374171051434, -0.041253242916560254, -0.04368991540198046, -0.04744686859393527, -0.05267105440525129]], "CCend Negative particle surface concentration [mol.m-3]": [[25575.604102248253, 25927.884523882803, 26650.997535974777, 27768.06009480862, 29279.010381679716]], "CDend Porosity": [[0.21493521909494215, 0.21493523935563869, 0.214935272179669, 0.2149353084416092, 0.21493534219073462, 0.47, 0.47, 0.47, 0.47, 0.47, 0.335, 0.335, 0.335, 0.335, 0.335]], "CDend Negative electrode interfacial current density [A.m-2]": [[0.7603407706732339, 0.7555541390123577, 0.7469258733574252, 0.7355833333036327, 0.7222595578606886]], "CDend Electrolyte potential [V]": [[-0.9743118283732273, -0.977290576929357, -0.9828237542111566, -0.9904174597268509, -0.9998109412804583, -1.0046328006082756, -1.0051192012341927, -1.0056053983979278, -1.0060914327001336, -1.0065773440642876, -1.0091329508919835, -1.0132185532397824, -1.0163005110819925, -1.018365885022916, -1.0194010007074101]], "CDend Electrolyte concentration [mol.m-3]": [[1564.5934745224718, 1487.30839189773, 1355.1972430281558, 1195.261688813977, 1025.9630460951832, 928.9916588772766, 921.8098794568479, 914.6900614065105, 907.630949139869, 900.6313261576145, 862.2809109606206, 808.1296926154466, 769.6349146186211, 744.9044046420248, 732.8196493058329]], "CDend Negative electrode reaction overpotential [V]": [[0.09228298335033491, 0.09333720630486927, 0.09528837155534912, 0.09795181913250876, 0.10123410052337921]], "CDend Negative particle surface concentration [mol.m-3]": [[807.7329496587059, 803.367907296047, 795.2821768962378, 784.2432151923776, 770.7036943698329]], "CD Time [h]": [[0.0, 0.016666666666388885, 0.03333333333305555, 0.04999999999972221, 0.06666666666638887, 0.08333333333305554, 0.0999999999997222, 0.11666666666638886, 0.13333333333305553, 0.1499999999997222, 0.16666666666638885, 0.18333333333305551, 0.19999999999972218, 0.2166666666663889, 0.2333333333330555, 0.24999999999972222, 0.26666666666638883, 0.28333333333305555, 0.29999999999972227, 0.316666666666389, 0.3333333333330556, 0.3499999999997223, 0.3666666666663889, 0.38333333333305564, 0.39999999999972224, 0.41666666666638896, 0.43333333333305557, 0.4499999999997223, 0.4666666666663889, 0.4833333333330556, 0.4999999999997222, 0.5166666666663889, 0.5333333333330555, 0.5499999999997223, 0.566666666666389, 0.5833333333330556, 0.5999999999997223, 0.6166666666663889, 0.6333333333330556, 0.6499999999997222, 0.666666666666389, 0.6833333333330556, 0.6999999999997223, 0.7166666666663889, 0.7333333333330555, 0.7499999999997223, 0.7666666666663889, 0.7833333333330555, 0.7999999999997224, 0.816666666666389, 0.8333333333330556, 0.8499999999997222, 0.866666666666389, 0.8833333333330556, 0.8999999999997222, 0.9166666666663889, 0.9333333333330557, 0.9499999999997223, 0.9666666666663889, 0.9833333333330555, 0.9999999999997223, 1.016666666666389, 1.0333333333330557, 1.0499999999997223, 1.0666666666663889, 1.0833333333330555, 1.099999999999722, 1.1166666666663891, 1.1333333333330557, 1.1499999999997224, 1.166666666666389, 1.1833333333330556, 1.1999999999997222, 1.2166666666663888, 1.2333333333330554, 1.2499999999997224, 1.266666666666389, 1.2833333333330557, 1.2999999999997223, 1.3166666666663889, 1.3333333333330555, 1.349999999999722, 1.3666666666663891, 1.3833333333330557, 1.3999999999997224, 1.416666666666389, 1.4333333333330556, 1.4499999999997222, 1.4666666666663888, 1.4833333333330554, 1.4999999999997224, 1.516666666666389, 1.5333333333330557, 1.5499999999997223, 1.5666666666663889, 1.5833333333330555, 1.599999999999722, 1.6166666666663891, 1.6333333333330557, 1.6499999999997224, 1.666666666666389, 1.6833333333330556, 1.6999999999997222, 1.7166666666663888, 1.7333333333330558, 1.7499999999997224, 1.766666666666389, 1.7833333333330557, 1.7999999999997223, 1.8166666666663889, 1.833333333333056, 1.8499999999997225, 1.8666666666663891, 1.8833333333330557, 1.8999999999997224, 1.916666666666389, 1.9333333333330556, 1.9499999999997222, 1.9619135269789254]], "CD Terminal voltage [V]": [[4.100188732630912, 4.020832682316263, 3.9988902901729038, 3.98923019975964, 3.9846327259549197, 3.982057687345299, 3.9799550521558222, 3.977548838688027, 3.9744372918551347, 3.9704336267816487, 3.965511557990072, 3.959754257608865, 3.953293245410231, 3.9462862222918638, 3.9388852778293715, 3.931229248982337, 3.92343563054774, 3.9155996952770042, 3.907795191460235, 3.900072987190242, 3.892464231567952, 3.8849794325450677, 3.8776132022924, 3.8703414211946545, 3.863124798185156, 3.855914300418469, 3.8486601732580206, 3.8413223277740647, 3.8338747591475384, 3.8263016321187537, 3.818587288007705, 3.8107133793467143, 3.8026562920066933, 3.794387391472661, 3.785875467110837, 3.777094660965132, 3.768037955533602, 3.758733934463631, 3.7492555868899498, 3.739705853520925, 3.730183354257252, 3.7207500566216423, 3.7114248562959666, 3.7021999557736893, 3.6930644295271486, 3.684020427839738, 3.675090304843077, 3.666314854896719, 3.657744014230633, 3.6494277903069845, 3.6414074533704097, 3.6337094303919795, 3.626342693013169, 3.619299380783175, 3.612558088634162, 3.6060873138260887, 3.5998489062934365, 3.593801435535796, 3.5879029138761265, 3.5821122461658916, 3.5763899837235926, 3.5707007044598127, 3.5650125003533932, 3.559297339875343, 3.55353105229687, 3.54769367511296, 3.541767809184118, 3.5357384606323574, 3.529591929164761, 3.523314695424763, 3.51689294063545, 3.510311403679292, 3.5035532741381896, 3.496599577085822, 3.489429284172065, 3.482018952798895, 3.4743453236101365, 3.4663868969854876, 3.4581285394362324, 3.449567526148394, 3.440719387489217, 3.4316238983526066, 3.4223455220381567, 3.4129689821892883, 3.4035879601403254, 3.3942926900607606, 3.3851565954203764, 3.3762293296792594, 3.3675288294682924, 3.359042720169434, 3.350727579729632, 3.3425094626211838, 3.334283294787919, 3.325914742643712, 3.317239884584227, 3.3080680823290907, 3.298173834673979, 3.287272341677146, 3.274972813941043, 3.2607242844308666, 3.2438225090049904, 3.2236601514852476, 3.2003135172807333, 3.17491296855954, 3.149102013633484, 3.124027973423945, 3.099854721419386, 3.07594033495337, 3.0512396315610695, 3.0245984484155004, 2.9948503812052074, 2.9608095516529733, 2.92120804465429, 2.87462470852085, 2.8194039495487733, 2.7535633818656526, 2.6746877313304482, 2.5797728882406963, 2.5000099999999983]], "Discharge capacity [A.h]": [4.9047838174473135],