{"x [m]": [8.52e-06, 2.556e-05, 4.26e-05, 5.964e-05, 7.668e-05, 8.64e-05, 8.88e-05, 9.12e-05, 9.36e-05, 9.6e-05, 0.00010476, 0.00011988000000000001, 0.00013500000000000003, 0.00015012, 0.00016523999999999998], "x_n [m]": [8.52e-06, 2.556e-05, 4.26e-05, 5.964e-05, 7.668e-05], "x_s [m]": [8.64e-05, 8.88e-05, 9.12e-05, 9.36e-05, 9.6e-05], "x_p [m]": [0.00010476, 0.00011988000000000001, 0.00013500000000000003, 0.00015012, 0.00016523999999999998], "CCend Porosity": [[0.2190568731336857, 0.21904029380899398, 0.21900424583219444, 0.21894186586425277, 0.21883917072312387, 0.47, 0.47, 0.47, 0.47, 0.47, 0.335, 0.335, 0.335, 0.335, 0.335]], "CCend Negative electrode interfacial current density [A.m-2]": [[-0.4243696234061424, -0.4336490039422109, -0.4493487335926644, -0.46308113280482355, -0.45187089448104395]], "CCend Electrolyte potential [V]": [[-0.049494023024833925, -0.04824244289896927, -0.04572071990441538, -0.041891716687220706, -0.036702707133569386, -0.0339332918260206, -0.03363898506559729, -0.033344421685959885, -0.03304959046090443, -0.032754479992039065, -0.03118625065419918, -0.02865896200457707, -0.026737296438018282, -0.025450500570992615, -0.024811312607992894]], "CCend Electrolyte concentration [mol.m-3]": [[774.2610827150702, 789.7396361296283, 821.9132921595124, 873.4186624365714, 948.7419326873362, 1000.5619609170061, 1005.295623424399, 1010.0576882959215, 1014.8485608195251, 1019.6686552995586, 1048.3337381488639, 1091.9597612523871, 1126.4644077906796, 1150.241993629756, 1162.259459412813]], "CCend Negative electrode reaction overpotential [V]": [[-0.04218945407455295, -0.04339184667075425, -0.04583179626931672, -0.04958503975732831, -0.05472215107245143]], "CCend Negative particle surface concentration [mol.m-3]": [[26266.775438838016, 26624.60295049505, 27353.593550887937, 28463.422258738738, 29921.912901444804]], "CDend Porosity": [[0.2193793422116618, 0.21937936235940997, 0.219379395324348, 0.21937943220056963, 0.21937946694630375, 0.47, 0.47, 0.47, 0.47, 0.47, 0.335, 0.335, 0.335, 0.335, 0.335]], "CDend Negative electrode interfacial current density [A.m-2]": [[0.7602184073308125, 0.7555041009542453, 0.746955437581043, 0.735651444279601, 0.7223250967396858]], "CDend Electrolyte potential [V]": [[-0.9579897975373269, -0.9608333572545891, -0.9661435709010249, -0.9734721505517657, -0.9825710157395473, -0.9872779589785278, -0.9877644423089301, -0.9882507021593329, -0.9887367794609185, -0.9892227144493613, -0.9917780328683411, -0.9958689498420666, -0.9989553369692041, -1.0010219527965225, -1.0020557994031989]], "CDend Electrolyte concentration [mol.m-3]": [[1541.2999778396547, 1468.7321802159083, 1343.5539355721337, 1190.3818901201666, 1026.7536245867814, 932.5070996989565, 925.2954779747647, 918.1464314034833, 911.0586851589001, 904.0310043124839, 865.5362033751542, 811.105690918351, 772.4120594145623, 747.5763980918699, 735.4625764474606]], "CDend Negative electrode reaction overpotential [V]": [[0.09161616272570929, 0.09260765613064326, 0.09445344625882267, 0.09698956983111504, 0.10012948593943063]], "CDend Negative particle surface concentration [mol.m-3]": [[843.4317850790486, 839.1049515514517, 831.0493294595856, 819.9958591393386, 806.3966582157732]], "CD Time [h]": [[0.0, 0.01666666666638894, 0.033333333333055604, 0.04999999999972227, 0.06666666666638893, 0.08333333333305559, 0.09999999999972226, 0.11666666666638892, 0.13333333333305558, 0.1499999999997223, 0.16666666666638896, 0.18333333333305563, 0.1999999999997223, 0.21666666666638895, 0.23333333333305556, 0.24999999999972228, 0.266666666666389, 0.2833333333330556, 0.2999999999997223, 0.31666666666638893, 0.33333333333305565, 0.34999999999972226, 0.366666666666389, 0.3833333333330556, 0.3999999999997223, 0.4166666666663889, 0.4333333333330556, 0.44999999999972223, 0.46666666666638895, 0.48333333333305556, 0.4999999999997223, 0.516666666666389, 0.5333333333330557, 0.5499999999997223, 0.5666666666663889, 0.5833333333330557, 0.5999999999997223, 0.6166666666663889, 0.6333333333330555, 0.6499999999997224, 0.666666666666389, 0.6833333333330556, 0.6999999999997222, 0.7166666666663888, 0.7333333333330556, 0.7499999999997222, 0.7666666666663888, 0.7833333333330557, 0.7999999999997223, 0.8166666666663889, 0.8333333333330555, 0.8499999999997223, 0.8666666666663889, 0.8833333333330555, 0.8999999999997221, 0.916666666666389, 0.9333333333330556, 0.9499999999997222, 0.9666666666663888, 0.9833333333330556, 0.9999999999997222, 1.0166666666663888, 1.0333333333330557, 1.0499999999997223, 1.0666666666663889, 1.0833333333330555, 1.0999999999997223, 1.116666666666389, 1.1333333333330555, 1.1499999999997221, 1.166666666666389, 1.1833333333330556, 1.1999999999997222, 1.2166666666663888, 1.2333333333330556, 1.2499999999997222, 1.2666666666663888, 1.2833333333330557, 1.2999999999997223, 1.3166666666663889, 1.3333333333330555, 1.3499999999997223, 1.366666666666389, 1.3833333333330555, 1.3999999999997221, 1.416666666666389, 1.4333333333330556, 1.4499999999997222, 1.4666666666663888, 1.4833333333330556, 1.4999999999997222, 1.5166666666663888, 1.5333333333330557, 1.5499999999997223, 1.5666666666663889, 1.5833333333330555, 1.5999999999997223, 1.616666666666389, 1.6333333333330555, 1.6499999999997221, 1.666666666666389, 1.6833333333330556, 1.6999999999997222, 1.7166666666663888, 1.7333333333330554, 1.749999999999722, 1.766666666666389, 1.7833333333330557, 1.7999999999997223, 1.8166666666663889, 1.8333333333330555, 1.849999999999722, 1.8666666666663887, 1.8833333333330557, 1.8999999999997224, 1.916666666666389, 1.9333333333330556, 1.9499999999997222, 1.9666666666663888, 1.9833333333330554, 1.999999999999722, 2.0104000545136476]],