{"x [m]": [8.52e-06, 2.556e-05, 4.26e-05, 5.964e-05, 7.668e-05, 8.64e-05, 8.88e-05, 9.12e-05, 9.36e-05, 9.6e-05, 0.00010476, 0.00011988000000000001, 0.00013500000000000003, 0.00015012, 0.00016523999999999998], "x_n [m]": [8.52e-06, 2.556e-05, 4.26e-05, 5.964e-05, 7.668e-05], "x_s [m]": [8.64e-05, 8.88e-05, 9.12e-05, 9.36e-05, 9.6e-05], "x_p [m]": [0.00010476, 0.00011988000000000001, 0.00013500000000000003, 0.00015012, 0.00016523999999999998], "CCend Porosity": [[0.20859908796731208, 0.2085838950335653, 0.20855073598389617, 0.20849295882977079, 0.2083967852282233, 0.47, 0.47, 0.47, 0.47, 0.47, 0.335, 0.335, 0.335, 0.335, 0.335]], "CCend Negative electrode interfacial current density [A.m-2]": [[-0.4056593466615658, -0.4180474697518238, -0.4412835412897712, -0.47006339847462486, -0.488165326362672]], "CCend Electrolyte potential [V]": [[-0.05312281924851152, -0.05183279944010026, -0.04922395283044562, -0.04523479877233418, -0.039763789365752915, -0.036833809430580476, -0.036539481038240354, -0.03624489736013669, -0.03595004718026313, -0.035654919111229734, -0.03408660123827437, -0.031560034310108086, -0.02963909768811178, -0.028352541311884902, -0.02771316026604094]], "CCend Electrolyte concentration [mol.m-3]": [[764.3619516553126, 780.1123401576442, 813.004645704018, 866.1343586755239, 945.0529205178168, 1000.406539915982, 1005.1400633228462, 1009.9019575808717, 1014.6926272404397, 1019.5124858379313, 1048.1758607395886, 1091.784365954462, 1126.2714824434772, 1150.041399010422, 1162.0608711215443]], "CCend Negative electrode reaction overpotential [V]": [[-0.038668562489313336, -0.039888465568808366, -0.04237353006558037, -0.04621400587580572, -0.051581682149665846]], "CCend Negative particle surface concentration [mol.m-3]": [[25031.08530428025, 25382.9335127217, 26109.428425301565, 27243.86154251133, 28808.33545523972]], "CDend Porosity": [[0.2088748530338025, 0.2088748742049946, 0.20887490798585098, 0.20887494460909817, 0.20887497809050096, 0.47, 0.47, 0.47, 0.47, 0.47, 0.335, 0.335, 0.335, 0.335, 0.335]], "CDend Negative electrode interfacial current density [A.m-2]": [[0.7609428596214154, 0.7559086730451714, 0.7469286026786458, 0.7352467682733913, 0.7216185653778321]], "CDend Electrolyte potential [V]": [[-0.984692308174243, -0.9878803857271258, -0.993752191618808, -1.0017394393060899, -1.0115630731102856, -1.0165507396773945, -1.0170370243738769, -1.0175231340784432, -1.0180091089184375, -1.0184949883695809, -1.0210510243289797, -1.0251363946504544, -1.028219002413828, -1.0302859137252147, -1.0313226519849685]], "CDend Electrolyte concentration [mol.m-3]": [[1600.0724382422425, 1515.289759073262, 1372.4137974606224, 1202.2927141936502, 1024.6912419780213, 923.7966664458884, 916.6589337244362, 909.5822868490126, 902.565497546145, 895.6073754929969, 857.4708187355554, 803.6356005851644, 765.352927650711, 740.7450412649163, 728.7103752729646]], "CDend Negative electrode reaction overpotential [V]": [[0.09245281321071286, 0.09359362990315308, 0.09568631263892896, 0.09851482906488107, 0.10197706318664619]], "CDend Negative particle surface concentration [mol.m-3]": [[785.0069603160325, 780.4501059183171, 772.0806827774293, 760.7515438619448, 746.9312935730691]], "CD Time [h]": [[0.0, 0.016666666666388885, 0.03333333333305555, 0.04999999999972221, 0.06666666666638887, 0.08333333333305554, 0.0999999999997222, 0.11666666666638886, 0.13333333333305553, 0.1499999999997222, 0.16666666666638885, 0.18333333333305551, 0.19999999999972218, 0.2166666666663889, 0.2333333333330555, 0.24999999999972222, 0.26666666666638883, 0.28333333333305555, 0.29999999999972216, 0.3166666666663889, 0.3333333333330556, 0.3499999999997222, 0.3666666666663889, 0.3833333333330555, 0.39999999999972224, 0.41666666666638885, 0.43333333333305557, 0.4499999999997222, 0.4666666666663889, 0.4833333333330555, 0.4999999999997222, 0.5166666666663888, 0.5333333333330555, 0.5499999999997222, 0.5666666666663889, 0.5833333333330555, 0.5999999999997222, 0.6166666666663889, 0.6333333333330555, 0.6499999999997222, 0.6666666666663889, 0.6833333333330556, 0.6999999999997222, 0.7166666666663889, 0.7333333333330556, 0.7499999999997222, 0.7666666666663888, 0.7833333333330554, 0.7999999999997223, 0.8166666666663889, 0.8333333333330555, 0.8499999999997223, 0.8666666666663889, 0.8833333333330557, 0.8999999999997224, 0.916666666666389, 0.9333333333330556, 0.9499999999997224, 0.966666666666389, 0.9833333333330556, 0.9999999999997222, 1.016666666666389, 1.0333333333330557, 1.0499999999997223, 1.066666666666389, 1.0833333333330557, 1.0999999999997223, 1.116666666666389, 1.1333333333330557, 1.1499999999997224, 1.166666666666389, 1.1833333333330556, 1.1999999999997224, 1.216666666666389, 1.2333333333330556, 1.2499999999997222, 1.266666666666389, 1.2833333333330557, 1.2999999999997223, 1.316666666666389, 1.3333333333330557, 1.3499999999997223, 1.366666666666389, 1.3833333333330557, 1.3999999999997224, 1.416666666666389, 1.4333333333330556, 1.4499999999997224, 1.466666666666389, 1.4833333333330556, 1.4999999999997222, 1.516666666666389, 1.5333333333330557, 1.5499999999997223, 1.566666666666389, 1.5833333333330557, 1.5999999999997223, 1.616666666666389, 1.6333333333330557, 1.6499999999997224, 1.666666666666389, 1.6833333333330556, 1.6999999999997224, 1.716666666666389, 1.7333333333330556, 1.7499999999997222, 1.7666666666663888, 1.7833333333330559, 1.7999999999997225, 1.816666666666389, 1.8333333333330557, 1.8499999999997223, 1.866666666666389, 1.8833333333330555, 1.8999999999997221, 1.9166666666663892, 1.92524298731865]], "CD Terminal voltage [V]": [[4.102780965293487, 4.022767964334758, 4.000501779260016, 3.99062868749402, 3.985875835359165, 3.983176758309021, 3.9809691484527825, 3.9784690697989755, 3.975272121375843, 3.971190079908182, 3.9661957841060116, 3.9603700868527065, 3.953844033690342, 3.946773762869463, 3.9393100091768214, 3.9315897388336674, 3.9237268002554555, 3.915813845048536, 3.907917292360555, 3.900078868857298, 3.8923171646666885, 3.884627263249388, 3.8769849216346315, 3.8693526921297936, 3.861687558502968, 3.8539569728935934, 3.846139259022033, 3.838226444199581, 3.830208505244319, 3.8220751231275836, 3.8138103717266714, 3.805394983360505, 3.7968091865621627, 3.7880423528017184, 3.7791063396663422, 3.770048338742929, 3.7609522601955363, 3.7519134037969692, 3.7430017091169048, 3.7342359497145643, 3.725587923683541, 3.717002318802133, 3.708422149140639, 3.6998076447283883, 3.691146528764405, 3.6824562123891793, 3.673780028927246, 3.665178799811493, 3.6567199762752427, 3.6484672907479054, 3.6404720569895055, 3.63276754587416, 3.6253670757426746, 3.618265282693472, 3.611441606451319, 3.6048637711511633, 3.5984926820182137, 3.592285786795256, 3.5862002310280925, 3.5801938333867622, 3.5742288167423375, 3.568271355888638, 3.562292201461214, 3.5562667615967882, 3.550173634094661, 3.543994792151252, 3.537713113794579, 3.5313126347730335, 3.524777265223582, 3.518090033573664, 3.5112326010587864, 3.5041848031533727, 3.4969246106771097, 3.489428643794025, 3.481673720531565, 3.4736391064791747, 3.4653120778889965, 3.456692735605259, 3.4478015460845395, 3.4386825339702076, 3.4294043331553308, 3.4200528669331494, 3.4107208889858702, 3.401494022693065, 3.392438701214065, 3.383594790732551, 3.3749719340243267, 3.366547261379562, 3.358266504882545, 3.350045782857385, 3.341768976198308, 3.3332936207418915, 3.3244494807577545, 3.315042868518762, 3.304841987115092, 3.293546805268858, 3.2807358236823596, 3.2658160929838367, 3.2480697347615957, 3.227004029650141, 3.2029776369484337, 3.1773623908522097, 3.151753566453827, 3.127029194797111, 3.1030764666090613, 3.07909562819113, 3.053993467706934, 3.0266107896723433, 2.995782550031064, 2.960307429336133, 2.918881921855421, 2.870028917422098, 2.812007643047182, 2.7427262590859858, 2.6596197976427005, 2.559481901303367, 2.5000100000000014]], "Discharge capacity [A.h]": [4.813107468296625], "Throughput capacity [A.h]": [9.302868991817807],