{"x [m]": [8.52e-06, 2.556e-05, 4.26e-05, 5.964e-05, 7.668e-05, 8.64e-05, 8.88e-05, 9.12e-05, 9.36e-05, 9.6e-05, 0.00010476, 0.00011988000000000001, 0.00013500000000000003, 0.00015012, 0.00016523999999999998], "x_n [m]": [8.52e-06, 2.556e-05, 4.26e-05, 5.964e-05, 7.668e-05], "x_s [m]": [8.64e-05, 8.88e-05, 9.12e-05, 9.36e-05, 9.6e-05], "x_p [m]": [0.00010476, 0.00011988000000000001, 0.00013500000000000003, 0.00015012, 0.00016523999999999998], "CCend Porosity": [[0.23522609163309374, 0.23521153259820005, 0.2351801314100341, 0.235126553780118, 0.23504022649946002, 0.47, 0.47, 0.47, 0.47, 0.47, 0.335, 0.335, 0.335, 0.335, 0.335]], "CCend Negative electrode interfacial current density [A.m-2]": [[-0.41967415950702824, -0.4286660718861385, -0.4447400337088126, -0.4623874011559765, -0.46728527347169907]], "CCend Electrolyte potential [V]": [[-0.05095917891581472, -0.04985031746927759, -0.047614330854813654, -0.044213627382792726, -0.03959022527318203, -0.03703774861061646, -0.03674349408961484, -0.036448988038741297, -0.0361542192966377, -0.03585917653224466, -0.034291443238489046, -0.03176606235448474, -0.029846271302519073, -0.028560584554462837, -0.027921649824682246]], "CCend Electrolyte concentration [mol.m-3]": [[794.4964181787553, 808.5670685523852, 837.7375463414361, 884.2408843976151, 951.9048019660597, 998.8767942269956, 1003.6013716042346, 1008.3541880262952, 1013.1356451304255, 1017.9461534560585, 1046.5510299551295, 1090.0649005216535, 1124.4714060138256, 1148.1830788129994, 1160.1725749407178]], "CCend Negative electrode reaction overpotential [V]": [[-0.04074940117252197, -0.04181019213321645, -0.043962481384558494, -0.04727075288449221, -0.05184411415358911]], "CCend Negative particle surface concentration [mol.m-3]": [[25960.87270861873, 26277.43674183971, 26923.36975036908, 27912.85468627643, 29240.36682606379]], "CDend Porosity": [[0.2355412093984101, 0.2355412250680254, 0.23554125152421068, 0.23554128233746374, 0.23554131257000793, 0.47, 0.47, 0.47, 0.47, 0.47, 0.335, 0.335, 0.335, 0.335, 0.335]], "CDend Negative electrode interfacial current density [A.m-2]": [[0.7577766222908957, 0.753897212105198, 0.7467099916914269, 0.7369790003531418, 0.7252935813792741]], "CDend Electrolyte potential [V]": [[-0.974090157818101, -0.97652284995307, -0.9811376595117879, -0.9876161301429924, -0.9957567657501253, -1.0000882047548225, -1.0005750424332385, -1.0010615968620784, -1.0015479100418658, -1.0020340232216998, -1.0045890285728416, -1.0086712824620279, -1.0117477487684938, -1.0138077206236267, -1.0148393476042255]], "CDend Electrolyte concentration [mol.m-3]": [[1469.4159043086527, 1410.5157005605731, 1306.1042629994092, 1174.0557295251176, 1028.7689404490552, 943.4446488852499, 936.1381403906485, 928.896101522501, 921.7171973424147, 914.600135343097, 875.645403136064, 820.6653861552956, 781.6230737205534, 756.5622769915208, 744.3252435121673]], "CDend Negative electrode reaction overpotential [V]": [[0.09354924339471546, 0.09440251772581694, 0.09601659478633731, 0.09827450393848754, 0.10110561564807347]], "CDend Negative particle surface concentration [mol.m-3]": [[811.0528053853762, 807.4610813192473, 800.6621635303454, 791.1644836319934, 779.324695622478]], "CD Time [h]": [[0.0, 0.016666666666388885, 0.033333333333055604, 0.04999999999972227, 0.06666666666638893, 0.08333333333305559, 0.09999999999972226, 0.11666666666638892, 0.13333333333305558, 0.14999999999972224, 0.1666666666663889, 0.18333333333305557, 0.19999999999972223, 0.2166666666663889, 0.23333333333305556, 0.24999999999972228, 0.2666666666663889, 0.2833333333330556, 0.2999999999997222, 0.31666666666638893, 0.33333333333305554, 0.34999999999972226, 0.36666666666638886, 0.3833333333330556, 0.3999999999997223, 0.4166666666663889, 0.4333333333330556, 0.44999999999972223, 0.46666666666638895, 0.48333333333305556, 0.4999999999997223, 0.5166666666663888, 0.5333333333330557, 0.5499999999997223, 0.5666666666663889, 0.5833333333330555, 0.5999999999997223, 0.6166666666663889, 0.6333333333330555, 0.6499999999997224, 0.666666666666389, 0.6833333333330556, 0.6999999999997222, 0.716666666666389, 0.7333333333330556, 0.7499999999997222, 0.7666666666663888, 0.7833333333330554, 0.7999999999997223, 0.8166666666663889, 0.8333333333330555, 0.8499999999997221, 0.8666666666663889, 0.8833333333330557, 0.8999999999997224, 0.916666666666389, 0.9333333333330556, 0.9499999999997224, 0.966666666666389, 0.9833333333330556, 0.9999999999997222, 1.016666666666389, 1.0333333333330557, 1.0499999999997223, 1.0666666666663889, 1.0833333333330557, 1.0999999999997223, 1.116666666666389, 1.1333333333330557, 1.1499999999997224, 1.166666666666389, 1.1833333333330556, 1.1999999999997224, 1.216666666666389, 1.2333333333330556, 1.2499999999997222, 1.266666666666389, 1.2833333333330557, 1.2999999999997223, 1.3166666666663889, 1.3333333333330557, 1.3499999999997223, 1.366666666666389, 1.3833333333330557, 1.3999999999997224, 1.416666666666389, 1.4333333333330556, 1.4499999999997224, 1.466666666666389, 1.4833333333330556, 1.4999999999997222, 1.516666666666389, 1.5333333333330557, 1.5499999999997223, 1.5666666666663889, 1.5833333333330557, 1.5999999999997223, 1.616666666666389, 1.6333333333330557, 1.6499999999997224, 1.666666666666389, 1.6833333333330556, 1.6999999999997224, 1.716666666666389, 1.7333333333330556, 1.7499999999997222, 1.7666666666663888, 1.7833333333330554, 1.7999999999997225, 1.816666666666389, 1.8333333333330557, 1.8499999999997223, 1.866666666666389, 1.8833333333330555, 1.8999999999997221, 1.9166666666663892, 1.9333333333330558, 1.9499999999997224, 1.966666666666389, 1.9757205064075831]], "CD Terminal voltage [V]": [[4.099682134619627, 4.0210311595546875, 3.9994880581300922, 3.990026355087222, 3.9855278890840626, 3.983013755005384, 3.980957895259475, 3.9785914467896184, 3.9755158371169284, 3.971545441100533, 3.9666545775070032, 3.9609264893527323, 3.9544930053643497, 3.9475122681441275, 3.9401368563803616, 3.9325062042645786, 3.92473874256274, 3.9169308396700497, 3.909158170650314, 3.9014743220852637, 3.893915011996267, 3.886496524327657, 3.8792226034872104, 3.872080487507968, 3.8650424805532846, 3.8580670317572037, 3.851103015683021, 3.8440943570396087, 3.836989785916011, 3.829748617450958, 3.8223390196732576, 3.814733347699444, 3.80690188970493, 3.7988106149140837, 3.7904221138478413, 3.781701067253226, 3.772626317896882, 3.763210164838481, 3.753516085905833, 3.7436574003625838, 3.733767451221811, 3.723955744547048, 3.7142826361475154, 3.704764859762894, 3.695398590665318, 3.6861825655919995, 3.6771305260172458, 3.668272764618824, 3.6596502984278914, 3.651305897655754, 3.643275462036968, 3.6355817657615788, 3.6282315482322534, 3.621215868107541, 3.614513340669365, 3.60809288537941, 3.6019174710495765, 3.595947440405444, 3.5901421606665576, 3.5844619481208304, 3.578869316154833, 3.573329142030347, 3.5678089927419316, 3.562279249585951, 3.5567134113203487, 3.5510875419631365, 3.5453807267653854, 3.5395744113024437, 3.5336517957305715, 3.5275967949742126, 3.521394354339, 3.5150280376978134, 3.5084805332957245, 3.5017324449924665, 3.494762369368126, 3.4875463423770707, 3.4800598306918147, 3.47227891233074, 3.4641841054564804, 3.4557656226342783, 3.447029533954482, 3.4380035552567736, 3.4287409905877286, 3.4193186698208535, 3.4098292295641004, 3.400370025317556, 3.391029969085092, 3.3818786188383108, 3.372959204693984, 3.3642858084787703, 3.3558423530773567, 3.3475831702867485, 3.339433784770534, 3.3312895974353367, 3.323012937625628, 3.314433517536585, 3.305340473553302, 3.2954773030936164, 3.28451458304069, 3.272004945445609, 3.2573400734118714, 3.2398060754542, 3.2189117710159576, 3.1949642591187057, 3.169262172067106, 3.1434195364427575, 3.118433612688621, 3.094315493996876, 3.070327470822855, 3.0453888829525946, 3.0183336503985396, 2.9879910209822462, 2.953164605600363, 2.912568527062775, 2.864751679016055, 2.8080134132279038, 2.7403129060004128, 2.6591549290848215, 2.561424119341469, 2.5000099999999974]],