{"x [m]": [8.52e-06, 2.556e-05, 4.26e-05, 5.964e-05, 7.668e-05, 8.64e-05, 8.88e-05, 9.12e-05, 9.36e-05, 9.6e-05, 0.00010476, 0.00011988000000000001, 0.00013500000000000003, 0.00015012, 0.00016523999999999998], "x_n [m]": [8.52e-06, 2.556e-05, 4.26e-05, 5.964e-05, 7.668e-05], "x_s [m]": [8.64e-05, 8.88e-05, 9.12e-05, 9.36e-05, 9.6e-05], "x_p [m]": [0.00010476, 0.00011988000000000001, 0.00013500000000000003, 0.00015012, 0.00016523999999999998], "CCend Porosity": [[0.20416980474314914, 0.20415495879506998, 0.20412249584200712, 0.20406574051565407, 0.20397076193544036, 0.47, 0.47, 0.47, 0.47, 0.47, 0.335, 0.335, 0.335, 0.335, 0.335]], "CCend Negative electrode interfacial current density [A.m-2]": [[-0.40011448013848355, -0.4134450429845352, -0.4389836972059622, -0.47227033720235406, -0.49860125032002767]], "CCend Electrolyte potential [V]": [[-0.054084156966506085, -0.052768743097361806, -0.050105697064807796, -0.04602520084039638, -0.04040876894374189, -0.03740504496395912, -0.037110706667089474, -0.03681611303750435, -0.03652125285615992, -0.036226114732609074, -0.03465773443740375, -0.03213122048654481, -0.03021033722255126, -0.028923756045711027, -0.0282842974166084]], "CCend Electrolyte concentration [mol.m-3]": [[759.3038571655624, 775.2583949723471, 808.6334236606813, 862.7176154394626, 943.500704326597, 1000.4871567808989, 1005.2213103328984, 1009.9838391546682, 1014.7751479058242, 1019.5956502342414, 1048.2630128339244, 1091.8750781261433, 1126.364814499753, 1150.1376820740522, 1162.1598918823279]], "CCend Negative electrode reaction overpotential [V]": [[-0.03774901135315289, -0.03898374304378581, -0.04150624019304145, -0.04541388689597362, -0.05089035790051804]], "CCend Negative particle surface concentration [mol.m-3]": [[24630.556440524015, 24980.875298074887, 25707.277224293655, 26850.49128038951, 28448.77331670269]], "CDend Porosity": [[0.20443058624235386, 0.2044306081334836, 0.2044306426322708, 0.20443067947536223, 0.20443071269372087, 0.47, 0.47, 0.47, 0.47, 0.47, 0.335, 0.335, 0.335, 0.335, 0.335]], "CDend Negative electrode interfacial current density [A.m-2]": [[0.7614541763208778, 0.756208142729991, 0.7469333676541013, 0.7349738189649101, 0.7210994160187394]], "CDend Electrolyte potential [V]": [[-0.9919696237156418, -0.9953315145403688, -1.001478884286291, -1.0097790114596008, -1.0199396483650875, -1.025056200064363, -1.025542406651229, -1.0260284608022523, -1.026514402277241, -1.0270002702042937, -1.0295567217557147, -1.0336428056323137, -1.0367267509752076, -1.0387952778699572, -1.0398332964084491]], "CDend Electrolyte concentration [mol.m-3]": [[1629.0620949896816, 1537.877411642304, 1386.032182758096, 1207.6904648827224, 1023.5698636394974, 919.637146965714, 912.5344137217065, 905.4920785603562, 898.5089345350378, 891.583811768067, 853.6174411463619, 800.0238025318364, 761.9017939017577, 737.3884974314348, 725.3947435820351]], "CDend Negative electrode reaction overpotential [V]": [[0.09253036497133478, 0.0937430178460426, 0.09595090846418027, 0.09891062061233849, 0.1025135653898702]], "CDend Negative particle surface concentration [mol.m-3]": [[769.2345585303335, 764.5128097783447, 755.9033915929715, 744.3326319098533, 730.2800274999]], "CD Time [h]": [[0.0, 0.016666666666388885, 0.03333333333305555, 0.04999999999972221, 0.06666666666638887, 0.08333333333305554, 0.0999999999997222, 0.11666666666638886, 0.13333333333305558, 0.14999999999972224, 0.1666666666663889, 0.18333333333305557, 0.19999999999972223, 0.2166666666663889, 0.23333333333305556, 0.24999999999972217, 0.2666666666663889, 0.2833333333330556, 0.2999999999997222, 0.31666666666638893, 0.33333333333305554, 0.34999999999972226, 0.36666666666638886, 0.3833333333330556, 0.3999999999997222, 0.4166666666663889, 0.4333333333330555, 0.44999999999972223, 0.46666666666638884, 0.48333333333305556, 0.49999999999972217, 0.5166666666663888, 0.5333333333330557, 0.5499999999997223, 0.5666666666663889, 0.5833333333330555, 0.5999999999997223, 0.6166666666663889, 0.6333333333330555, 0.6499999999997221, 0.666666666666389, 0.6833333333330556, 0.6999999999997222, 0.7166666666663888, 0.7333333333330554, 0.7499999999997222, 0.7666666666663888, 0.7833333333330554, 0.7999999999997223, 0.8166666666663889, 0.8333333333330555, 0.8499999999997221, 0.8666666666663889, 0.8833333333330555, 0.8999999999997221, 0.9166666666663887, 0.9333333333330556, 0.9499999999997222, 0.9666666666663888, 0.9833333333330554, 0.9999999999997222, 1.0166666666663888, 1.0333333333330554, 1.0499999999997223, 1.0666666666663889, 1.0833333333330555, 1.099999999999722, 1.116666666666389, 1.1333333333330555, 1.1499999999997221, 1.1666666666663887, 1.1833333333330556, 1.1999999999997222, 1.2166666666663888, 1.2333333333330554, 1.2499999999997222, 1.2666666666663888, 1.2833333333330554, 1.2999999999997223, 1.3166666666663889, 1.3333333333330555, 1.349999999999722, 1.366666666666389, 1.3833333333330555, 1.3999999999997221, 1.4166666666663887, 1.4333333333330556, 1.4499999999997222, 1.4666666666663888, 1.4833333333330554, 1.4999999999997222, 1.5166666666663888, 1.5333333333330554, 1.5499999999997223, 1.5666666666663889, 1.5833333333330555, 1.599999999999722, 1.616666666666389, 1.6333333333330555, 1.6499999999997221, 1.6666666666663887, 1.6833333333330556, 1.6999999999997222, 1.7166666666663888, 1.7333333333330556, 1.7499999999997222, 1.7666666666663888, 1.7833333333330554, 1.799999999999722, 1.8166666666663887, 1.8333333333330557, 1.8499999999997223, 1.866666666666389, 1.8833333333330555, 1.8979953573828554]], "CD Terminal voltage [V]": [[4.104397357304167, 4.02395750956726, 4.001473735412464, 3.991460700070757, 3.9866081649130707, 3.9838302237862524, 3.9815553709943403, 3.978995548632116, 3.975743999805063, 3.9716111861807835, 3.966568921296468, 3.9606969944131527, 3.954125425837647, 3.9470089300526205, 3.939496270372298, 3.9317215620318446, 3.9237942755981594, 3.915801235732613, 3.907799386132305, 3.8998185450527023, 3.8918630824082148, 3.883914987871411, 3.8759442972334712, 3.8679200184567923, 3.8598218579035857, 3.8516416864261744, 3.8433773599792063, 3.8350260379734897, 3.8265809791845076, 3.8180319686127278, 3.809367013653104, 3.800580390900965, 3.7916845804957906, 3.782723555706065, 3.7737763650294003, 3.7649388634959635, 3.756287435818985, 3.74784943212505, 3.739596427484644, 3.731461331778399, 3.7233622774686346, 3.715223179363742, 3.7069881114769405, 3.698630544786724, 3.690153165791674, 3.681588844250801, 3.6729924822184725, 3.6644364228659674, 3.6559950648432284, 3.6477360995874104, 3.6397140212762773, 3.631964207123293, 3.624500000914244, 3.617315569042786, 3.6103901407633385, 3.6036896006521015, 3.5971746472858284, 3.590802533369158, 3.5845311829940893, 3.5783201205675628, 3.5721340656327074, 3.5659419144358644, 3.559716825628535, 3.5534357110595445, 3.5470775586953613, 3.54062360019588, 3.5340548901233433, 3.527353015898413, 3.5204987372021694, 3.513471475226272, 3.5062491006661514, 3.498808148829244, 3.4911248301936983, 3.483177089248005, 3.474948710885379, 3.4664338685234712, 3.4576449135871483, 3.4486155026903313, 3.4394058895722672, 3.4300947812024107, 3.420773438213695, 3.4115293331803356, 3.4024355756300206, 3.3935400565211076, 3.3848609149655533, 3.3763844625665866, 3.3680657613014473, 3.3598271884879285, 3.3515621282935477, 3.3431339160672344, 3.3343822616336567, 3.3251247650772964, 3.3151500486434133, 3.3041896475387627, 3.2918735277838373, 3.2776718223533496, 3.260890059410123, 3.2408978077618427, 3.2177201686251093, 3.192458338894642, 3.166757319177957, 3.1417774729629127, 3.117689951156703, 3.0938553379319433, 3.0692379109087513, 3.0426885911620096, 3.013046188084656, 2.979127149930481, 2.9396676515543576, 2.893250735566787, 2.838224363401958, 2.772614503374234, 2.6940140764211984, 2.59943340098212, 2.5000099999999983]], "Discharge capacity [A.h]": [4.744988393457138], "Throughput capacity [A.h]": [9.168584373768194], "CDend Total lithium capacity in particles [A.h]": [6.655282461141315],