{"x [m]": [8.52e-06, 2.556e-05, 4.26e-05, 5.964e-05, 7.668e-05, 8.64e-05, 8.88e-05, 9.12e-05, 9.36e-05, 9.6e-05, 0.00010476, 0.00011988000000000001, 0.00013500000000000003, 0.00015012, 0.00016523999999999998], "x_n [m]": [8.52e-06, 2.556e-05, 4.26e-05, 5.964e-05, 7.668e-05], "x_s [m]": [8.64e-05, 8.88e-05, 9.12e-05, 9.36e-05, 9.6e-05], "x_p [m]": [0.00010476, 0.00011988000000000001, 0.00013500000000000003, 0.00015012, 0.00016523999999999998], "CCend Porosity": [[0.20739821321808485, 0.20738349575199114, 0.20735136912646698, 0.2072953719231209, 0.20720210238242998, 0.47, 0.47, 0.47, 0.47, 0.47, 0.335, 0.335, 0.335, 0.335, 0.335]], "CCend Negative electrode interfacial current density [A.m-2]": [[-0.4016619913525499, -0.4146002088480768, -0.439307207950485, -0.4713473393579079, -0.49646900294246193]], "CCend Electrolyte potential [V]": [[-0.053914202263210934, -0.05262554425288521, -0.050017417255663554, -0.04602329906671609, -0.040530893422800585, -0.037581351643746964, -0.037287023190519374, -0.03699243997425902, -0.03669759078561341, -0.03640246424464041, -0.03483416424700947, -0.032307874563233266, -0.03038720907036445, -0.029100769767831103, -0.028461360838123714]], "CCend Electrolyte concentration [mol.m-3]": [[763.6121333361086, 779.330328687843, 812.1802212053362, 865.3233448159745, 944.4886544782076, 1000.2664201943013, 1004.9993045858615, 1009.7605446827778, 1014.5505446665761, 1019.369717678667, 1048.0287548948945, 1091.626287314199, 1126.103447418022, 1149.8676032804035, 1161.885772804271]], "CCend Negative electrode reaction overpotential [V]": [[-0.037907266810899905, -0.03911898998600079, -0.04159223423001804, -0.04542020554654853, -0.05077865544140463]], "CCend Negative particle surface concentration [mol.m-3]": [[24720.250723419864, 25065.494981799828, 25780.35313575504, 26902.742645294442, 28467.260810284075]], "CDend Porosity": [[0.2076628862942233, 0.20766290718091027, 0.20766294040963248, 0.20766297630569058, 0.2076630090168494, 0.47, 0.47, 0.47, 0.47, 0.47, 0.335, 0.335, 0.335, 0.335, 0.335]], "CDend Negative electrode interfacial current density [A.m-2]": [[0.760921829223833, 0.755883223550619, 0.7469124663085649, 0.7352635806949902, 0.7216865440141766]], "CDend Electrolyte potential [V]": [[-0.991623433599514, -0.9948561492398674, -1.0007993561166508, -1.0088686362716819, -1.018781597664905, -1.0238037763468046, -1.0242900383758742, -1.0247761314602186, -1.0252620956280205, -1.025747970261208, -1.0283041062314284, -1.0323890455509503, -1.035471469568878, -1.0375386316014126, -1.038575830774222]], "CDend Electrolyte concentration [mol.m-3]": [[1607.6175002754994, 1521.202390018736, 1376.0159988234407, 1203.7469364003036, 1024.4166992839587, 922.7060784387603, 915.5775673029992, 908.5099575162419, 901.5020265519635, 894.552589596177, 856.4608002429958, 802.696775412985, 764.4622647474239, 739.8807012463554, 727.8550416655645]], "CDend Negative electrode reaction overpotential [V]": [[0.09277899691225143, 0.09394254075281361, 0.09607264621216993, 0.09894536854651084, 0.10245634754422248]], "CDend Negative particle surface concentration [mol.m-3]": [[770.5246232872198, 765.973954819773, 757.6299947206467, 746.3535152357648, 732.6097251263438]], "CD Time [h]": [[0.0, 0.01666666666638894, 0.033333333333055604, 0.04999999999972227, 0.06666666666638893, 0.08333333333305559, 0.09999999999972226, 0.11666666666638892, 0.13333333333305558, 0.14999999999972224, 0.1666666666663889, 0.18333333333305557, 0.19999999999972223, 0.2166666666663889, 0.23333333333305561, 0.24999999999972222, 0.26666666666638894, 0.28333333333305555, 0.29999999999972227, 0.3166666666663889, 0.3333333333330556, 0.3499999999997222, 0.3666666666663889, 0.38333333333305564, 0.39999999999972224, 0.41666666666638896, 0.43333333333305557, 0.4499999999997223, 0.4666666666663889, 0.4833333333330556, 0.4999999999997222, 0.5166666666663889, 0.5333333333330555, 0.5499999999997223, 0.5666666666663889, 0.5833333333330556, 0.5999999999997222, 0.6166666666663889, 0.6333333333330555, 0.6499999999997222, 0.666666666666389, 0.6833333333330556, 0.6999999999997223, 0.7166666666663889, 0.7333333333330556, 0.7499999999997222, 0.7666666666663888, 0.7833333333330557, 0.7999999999997223, 0.8166666666663889, 0.8333333333330555, 0.8499999999997223, 0.8666666666663889, 0.8833333333330555, 0.8999999999997224, 0.916666666666389, 0.9333333333330556, 0.9499999999997222, 0.966666666666389, 0.9833333333330556, 0.9999999999997222, 1.0166666666663888, 1.0333333333330557, 1.0499999999997223, 1.0666666666663889, 1.0833333333330555, 1.0999999999997223, 1.116666666666389, 1.1333333333330555, 1.1499999999997224, 1.166666666666389, 1.1833333333330556, 1.1999999999997222, 1.216666666666389, 1.2333333333330556, 1.2499999999997222, 1.2666666666663888, 1.2833333333330557, 1.2999999999997223, 1.3166666666663889, 1.3333333333330555, 1.3499999999997223, 1.366666666666389, 1.3833333333330555, 1.3999999999997224, 1.416666666666389, 1.4333333333330556, 1.4499999999997222, 1.466666666666389, 1.4833333333330556, 1.4999999999997222, 1.5166666666663888, 1.5333333333330557, 1.5499999999997223, 1.5666666666663889, 1.5833333333330555, 1.5999999999997223, 1.616666666666389, 1.6333333333330555, 1.6499999999997224, 1.666666666666389, 1.6833333333330556, 1.6999999999997222, 1.716666666666389, 1.7333333333330554, 1.7499999999997224, 1.766666666666389, 1.7833333333330557, 1.7999999999997223, 1.8166666666663889, 1.8333333333330555, 1.849999999999722, 1.8666666666663887, 1.8833333333330557, 1.8999999999997224, 1.9021342661869838]], "CD Terminal voltage [V]": [[4.104271853042938, 4.023968311642328, 4.0015650722772325, 3.991595424068074, 3.986765821921413, 3.9840017404399757, 3.981737011994784, 3.9791857885625648, 3.9759421240810493, 3.9718167682110046, 3.9667816740680495, 3.9609167834970536, 3.9543523294102716, 3.9472433440639803, 3.9397390674358475, 3.931974332264631, 3.9240597173220166, 3.9160835582233586, 3.908105194502603, 3.900157376401687, 3.892247703680665, 3.884360553916617, 3.8764658751166072, 3.868528828599244, 3.8605225901225526, 3.8524326238582036, 3.844252752320931, 3.835977887245502, 3.8275999707501462, 3.8191073283797667, 3.810486037990329, 3.8017268775846897, 3.7928367997786028, 3.7838532249419026, 3.7748511199563692, 3.765929207706584, 3.757174628772572, 3.748629300564836, 3.7402768837916502, 3.73205748222, 3.723891511392626, 3.715701935631774, 3.7074307337075534, 3.6990477876649885, 3.6905537137419904, 3.6819801797709992, 3.6733802806464464, 3.664824569547342, 3.656387282153972, 3.6481355174288073, 3.6401250605815036, 3.63238979435094, 3.6249441214575056, 3.61778233332158, 3.6108833951991457, 3.6042157239448924, 3.597737985146841, 3.591408003844662, 3.5851832965735717, 3.579022686557549, 3.572889983312183, 3.56675313241446, 3.5605844411728595, 3.5543601959872224, 3.548058998659033, 3.5416618957318415, 3.535149934478122, 3.5285047492588766, 3.521707225298621, 3.514736938273927, 3.5075718733691748, 3.5001885568238276, 3.4925628869024825, 3.484672030863666, 3.4764982046429207, 3.468033060263803, 3.4592853668173174, 3.450284551155612, 3.441086781611205, 3.4317680708279097, 3.422419409502304, 3.4131308225222368, 3.403980551030518, 3.3950234370662384, 3.3862855332550303, 3.3777615597005584, 3.369415218872334, 3.3611782241055748, 3.352951067401608, 3.3446062336943325, 3.33598752596089, 3.3269158380126473, 3.31718423616155, 3.306536565300415, 3.2946276279071554, 3.2809655805919338, 3.2648851610316556, 3.24570152778021, 3.2232253006186458, 3.1983047197190793, 3.172545829681317, 3.1473086849887304, 3.123017622426618, 3.099200322558816, 3.0748856989805464, 3.0489356552761975, 3.0201892367263627, 2.9874723865750035, 2.94954911982704, 2.905050043215322, 2.8523817841269814, 2.789673735652753, 2.7146369354030235, 2.624449650510175, 2.5155353131453295, 2.5000100000000005]], "Discharge capacity [A.h]": [4.7553356654674594], "Throughput capacity [A.h]": [9.18985646405445],