{"x [m]": [8.52e-06, 2.556e-05, 4.26e-05, 5.964e-05, 7.668e-05, 8.64e-05, 8.88e-05, 9.12e-05, 9.36e-05, 9.6e-05, 0.00010476, 0.00011988000000000001, 0.00013500000000000003, 0.00015012, 0.00016523999999999998], "x_n [m]": [8.52e-06, 2.556e-05, 4.26e-05, 5.964e-05, 7.668e-05], "x_s [m]": [8.64e-05, 8.88e-05, 9.12e-05, 9.36e-05, 9.6e-05], "x_p [m]": [0.00010476, 0.00011988000000000001, 0.00013500000000000003, 0.00015012, 0.00016523999999999998], "CCend Porosity": [[0.22515669669766183, 0.22514272495040458, 0.2251124854852037, 0.22506056682834252, 0.22497608614206188, 0.47, 0.47, 0.47, 0.47, 0.47, 0.335, 0.335, 0.335, 0.335, 0.335]], "CCend Negative electrode interfacial current density [A.m-2]": [[-0.4089583504576251, -0.41995963592271474, -0.4406699310371094, -0.4669091911990093, -0.4867425976171684]], "CCend Electrolyte potential [V]": [[-0.05309024552556927, -0.05193475899574011, -0.04959953115555448, -0.04603303409376436, -0.04115043196870652, -0.03846730060783004, -0.03817302491977175, -0.03787849753523126, -0.03758370728693174, -0.037288642837913194, -0.03572077305978368, -0.033195537064704767, -0.03127589574331946, -0.029990174420042842, -0.02935107380923782]], "CCend Electrolyte concentration [mol.m-3]": [[785.1532765241067, 799.6431383526908, 829.78473743817, 878.1400950377496, 949.2389332170185, 999.0865361107732, 1003.8126313984014, 1008.5669772674163, 1013.3499755967046, 1018.1620371704456, 1046.7765446637413, 1090.2990097490356, 1124.7116404955639, 1148.4300722852263, 1160.4258261172768]], "CCend Negative electrode reaction overpotential [V]": [[-0.03868181679751859, -0.03977568374695655, -0.042000861450873415, -0.04543177331457248, -0.0502067448899724]], "CCend Negative particle surface concentration [mol.m-3]": [[25152.443791960395, 25470.36909901023, 26124.288474512985, 27140.487609138447, 28538.238695071705]], "CDend Porosity": [[0.2254405557808111, 0.22544057235468282, 0.22544059984856457, 0.2254406311438639, 0.22544066114250855, 0.47, 0.47, 0.47, 0.47, 0.47, 0.335, 0.335, 0.335, 0.335, 0.335]], "CDend Negative electrode interfacial current density [A.m-2]": [[0.7584879843785585, 0.754346292695594, 0.7467544217087405, 0.7365919851433208, 0.7244889165610989]], "CDend Electrolyte potential [V]": [[-0.9899462083954961, -0.9926170475400524, -0.997639169722323, -1.0046219926602546, -1.0133372996895027, -1.0178961695351867, -1.0183827899519273, -1.0188691637648202, -1.0193553323230784, -1.019841336259098, -1.0223965214905322, -1.026477069378641, -1.0295531533989695, -1.0316144492673671, -1.0326480540236505]], "CDend Electrolyte concentration [mol.m-3]": [[1511.5569494141098, 1444.8452396562682, 1328.41186373667, 1183.9263850495513, 1027.6586572119027, 936.9276235904588, 929.6777449779324, 922.4911783197442, 915.3666255131494, 908.3028293245184, 869.6219613922267, 815.0569273586667, 776.2940775166328, 751.3925142529732, 739.2177531670451]], "CDend Negative electrode reaction overpotential [V]": [[0.09393488610434626, 0.09488664223097379, 0.09666998527145834, 0.09913785754584212, 0.1022078189607455]], "CDend Negative particle surface concentration [mol.m-3]": [[776.6890808542689, 772.8893368385304, 765.759059188852, 755.8901646282925, 743.6664775247382]], "CD Time [h]": [[0.0, 0.016666666666388885, 0.03333333333305555, 0.04999999999972221, 0.06666666666638887, 0.08333333333305554, 0.0999999999997222, 0.11666666666638886, 0.13333333333305553, 0.1499999999997222, 0.16666666666638885, 0.18333333333305551, 0.19999999999972218, 0.2166666666663889, 0.2333333333330555, 0.24999999999972222, 0.26666666666638883, 0.28333333333305555, 0.29999999999972216, 0.31666666666638876, 0.3333333333330555, 0.3499999999997221, 0.3666666666663888, 0.3833333333330555, 0.39999999999972213, 0.41666666666638885, 0.43333333333305546, 0.4499999999997222, 0.4666666666663888, 0.4833333333330555, 0.4999999999997221, 0.5166666666663888, 0.5333333333330554, 0.5499999999997222, 0.5666666666663888, 0.5833333333330555, 0.5999999999997221, 0.6166666666663888, 0.6333333333330555, 0.6499999999997221, 0.6666666666663889, 0.6833333333330555, 0.6999999999997222, 0.7166666666663888, 0.7333333333330555, 0.7499999999997221, 0.7666666666663887, 0.7833333333330555, 0.7999999999997222, 0.8166666666663888, 0.8333333333330554, 0.8499999999997222, 0.8666666666663888, 0.8833333333330554, 0.8999999999997222, 0.9166666666663889, 0.9333333333330555, 0.9499999999997221, 0.9666666666663889, 0.9833333333330555, 0.9999999999997221, 1.0166666666663886, 1.0333333333330557, 1.0499999999997223, 1.0666666666663889, 1.0833333333330555, 1.099999999999722, 1.1166666666663887, 1.1333333333330553, 1.1499999999997224, 1.166666666666389, 1.1833333333330556, 1.1999999999997222, 1.2166666666663888, 1.2333333333330554, 1.249999999999722, 1.2666666666663886, 1.2833333333330557, 1.2999999999997223, 1.3166666666663889, 1.3333333333330555, 1.349999999999722, 1.3666666666663887, 1.3833333333330553, 1.3999999999997224, 1.416666666666389, 1.4333333333330556, 1.4499999999997222, 1.4666666666663888, 1.4833333333330554, 1.499999999999722, 1.5166666666663886, 1.5333333333330557, 1.5499999999997223, 1.5666666666663889, 1.5833333333330555, 1.599999999999722, 1.6166666666663887, 1.6333333333330553, 1.6499999999997224, 1.666666666666389, 1.6833333333330556, 1.6999999999997222, 1.7166666666663888, 1.7333333333330554, 1.749999999999722, 1.7666666666663886, 1.7833333333330552, 1.7999999999997218, 1.8166666666663889, 1.8333333333330555, 1.849999999999722, 1.8666666666663887, 1.8833333333330553, 1.899999999999722, 1.9166666666663885, 1.9214398223151958]], "CD Terminal voltage [V]": [[4.103656899424194, 4.0240286138147106, 4.002015090494346, 3.9922457590561713, 3.9875199235595105, 3.9848198299089215, 3.982603926900733, 3.980094617091372, 3.97688966647274, 3.9728007622922092, 3.9678003261892414, 3.961969005777201, 3.9554377138772345, 3.948362599061481, 3.9408945204829156, 3.9331706795112718, 3.9253053851327513, 3.917391907625219, 3.909497948956604, 3.9016670710161474, 3.893920567984668, 3.8862569283375272, 3.87865524796833, 3.8710794560966066, 3.863483298797866, 3.8558246978458968, 3.8480701205499876, 3.840195964446851, 3.8321832894023578, 3.824012587517819, 3.815661479551814, 3.807107487597765, 3.7983349915965636, 3.7893491597046642, 3.7801933412315107, 3.7709566594628185, 3.7617568557357437, 3.752699068915307, 3.74383746831497, 3.735163035828309, 3.7266214645033404, 3.7181399376848496, 3.7096523772567904, 3.7011158174681094, 3.6925181641710054, 3.6838786193480195, 3.675242951804064, 3.66667424915182, 3.658242234299051, 3.6500126257749868, 3.642038467124067, 3.634354633352856, 3.626975888145256, 3.6198982083180784, 3.6131023426154725, 3.606557176869476, 3.6002246724849227, 3.5940628379509896, 3.5880289669614074, 3.5820812782833515, 3.5761801086901044, 3.57029007632935, 3.5643795963636933, 3.5584208769585914, 3.5523897200571475, 3.5462648007133337, 3.540026159450024, 3.53365493130182, 3.527132145939423, 3.5204378795530147, 3.5135507176464564, 3.5064475408520854, 3.4991036926437813, 3.491494113678023, 3.4835957410125786, 3.475390895259109, 3.466873916276317, 3.4580555952119534, 3.448971256694727, 3.439680576618059, 3.430264531973844, 3.420817336226411, 3.411433217909635, 3.4021937555895834, 3.3931583644797363, 3.3843585524575754, 3.375796554926552, 3.367441961546527, 3.3592369189820177, 3.351093572736242, 3.3428924686042487, 3.334481694518059, 3.3256774316188693, 3.316260372100897, 3.3059593660671425, 3.294418421081904, 3.281143982895844, 3.265476874174089, 3.246725172025182, 3.2246242226912094, 3.1998809854774617, 3.1740357808831625, 3.1485539389487345, 3.1240427699101607, 3.10016626521638, 3.0760096861460293, 3.050442611565196, 3.0222992626652605, 2.9904081821046535, 2.953549000435449, 2.9103815792565637, 2.8593720268301706, 2.7987007736160012, 2.726171567389892, 2.639074842810162, 2.5340050574301944, 2.500009999999998]], "Discharge capacity [A.h]": [4.803599555787991], "Throughput capacity [A.h]": [9.28926478395071],