{"x [m]": [8.52e-06, 2.556e-05, 4.26e-05, 5.964e-05, 7.668e-05, 8.64e-05, 8.88e-05, 9.12e-05, 9.36e-05, 9.6e-05, 0.00010476, 0.00011988000000000001, 0.00013500000000000003, 0.00015012, 0.00016523999999999998], "x_n [m]": [8.52e-06, 2.556e-05, 4.26e-05, 5.964e-05, 7.668e-05], "x_s [m]": [8.64e-05, 8.88e-05, 9.12e-05, 9.36e-05, 9.6e-05], "x_p [m]": [0.00010476, 0.00011988000000000001, 0.00013500000000000003, 0.00015012, 0.00016523999999999998], "CCend Porosity": [[0.2109862085828946, 0.21096924768586542, 0.21093222065194261, 0.21086768708056272, 0.21076026366679904, 0.47, 0.47, 0.47, 0.47, 0.47, 0.335, 0.335, 0.335, 0.335, 0.335]], "CCend Negative electrode interfacial current density [A.m-2]": [[-0.4209969059817344, -0.4313060410826683, -0.44903639127683825, -0.4654397478355387, -0.45565886961186275]], "CCend Electrolyte potential [V]": [[-0.05000563786407277, -0.04868961476819565, -0.046036156072533196, -0.04200191600167091, -0.03652380126943688, -0.03363185328678572, -0.033337521452321224, -0.033042931492772855, -0.032748072160649365, -0.032452932035541796, -0.030884496569009545, -0.02835672745203774, -0.0264345956749915, -0.025147466994715262, -0.02450812962616085]], "CCend Electrolyte concentration [mol.m-3]": [[764.1212490524539, 780.1847608166823, 813.6502675022053, 867.4389041347209, 946.58290758273, 1001.1362556370267, 1005.8732050291111, 1010.6386082156514, 1015.4328716327109, 1020.2564107675606, 1048.9430713126103, 1092.6050076819536, 1127.1404130238711, 1150.9398783464283, 1162.9681952812675]], "CCend Negative electrode reaction overpotential [V]": [[-0.04169586943155675, -0.04295717851823608, -0.04551850042162381, -0.049464281255682495, -0.05488958349937009]], "CCend Negative particle surface concentration [mol.m-3]": [[26049.088479982234, 26422.105559132935, 27184.43109105692, 28350.453339244334, 29890.94458520267]], "CDend Porosity": [[0.21129858694783857, 0.21129860940161668, 0.21129864542326712, 0.21129868474226884, 0.21129872092123222, 0.47, 0.47, 0.47, 0.47, 0.47, 0.335, 0.335, 0.335, 0.335, 0.335]], "CDend Negative electrode interfacial current density [A.m-2]": [[0.7614026630019461, 0.7562504956698978, 0.747035403980243, 0.7350226759718729, 0.7210025883263861]], "CDend Electrolyte potential [V]": [[-0.9595820985487776, -0.9626867412276967, -0.9684237990452662, -0.9762541818006193, -0.985904782971128, -0.9908247452526147, -0.9913110706073044, -0.9917972085435498, -0.9922831993792293, -0.9927690827708341, -0.9953248881231799, -0.9994163715559263, -1.0025042790190024, -1.0045729230576455, -1.0056084519330375]], "CDend Electrolyte concentration [mol.m-3]": [[1585.7952706521571, 1504.04127133391, 1365.4976590532099, 1199.4659236530124, 1025.210021813388, 925.9180356045275, 918.7624634538379, 911.6683509803004, 904.6344584075282, 897.6595843602895, 859.4367995019434, 805.3965688067782, 766.9643564418888, 742.2839189254379, 730.2380831741682]], "CDend Negative electrode reaction overpotential [V]": [[0.09113520210427482, 0.09222341633069231, 0.09422752026917398, 0.09694835654441256, 0.10028941887684906]], "CDend Negative particle surface concentration [mol.m-3]": [[838.6566843869196, 833.9643109865265, 825.3226036599019, 813.5966204587344, 799.2780095988826]], "CD Time [h]": [[0.0, 0.016666666666388885, 0.03333333333305555, 0.04999999999972221, 0.06666666666638887, 0.08333333333305559, 0.09999999999972226, 0.11666666666638892, 0.13333333333305558, 0.14999999999972224, 0.1666666666663889, 0.18333333333305557, 0.19999999999972223, 0.21666666666638895, 0.23333333333305556, 0.24999999999972228, 0.2666666666663889, 0.2833333333330556, 0.2999999999997222, 0.31666666666638893, 0.33333333333305554, 0.34999999999972226, 0.36666666666638886, 0.3833333333330556, 0.3999999999997222, 0.4166666666663889, 0.4333333333330555, 0.44999999999972223, 0.46666666666638895, 0.48333333333305556, 0.4999999999997223, 0.5166666666663888, 0.5333333333330557, 0.5499999999997223, 0.5666666666663889, 0.5833333333330555, 0.5999999999997223, 0.6166666666663889, 0.6333333333330555, 0.6499999999997221, 0.666666666666389, 0.6833333333330556, 0.6999999999997222, 0.7166666666663888, 0.7333333333330556, 0.7499999999997222, 0.7666666666663888, 0.7833333333330554, 0.7999999999997223, 0.8166666666663889, 0.8333333333330555, 0.8499999999997221, 0.8666666666663887, 0.8833333333330553, 0.8999999999997221, 0.9166666666663887, 0.9333333333330553, 0.949999999999722, 0.9666666666663888, 0.9833333333330554, 0.999999999999722, 1.0166666666663886, 1.0333333333330554, 1.049999999999722, 1.0666666666663887, 1.0833333333330555, 1.099999999999722, 1.1166666666663887, 1.1333333333330553, 1.1499999999997221, 1.1666666666663887, 1.1833333333330553, 1.199999999999722, 1.2166666666663888, 1.2333333333330554, 1.249999999999722, 1.2666666666663886, 1.2833333333330554, 1.299999999999722, 1.3166666666663887, 1.3333333333330555, 1.349999999999722, 1.3666666666663887, 1.3833333333330553, 1.3999999999997221, 1.4166666666663887, 1.4333333333330553, 1.449999999999722, 1.4666666666663888, 1.4833333333330554, 1.499999999999722, 1.5166666666663886, 1.5333333333330554, 1.549999999999722, 1.5666666666663887, 1.5833333333330555, 1.599999999999722, 1.6166666666663887, 1.6333333333330553, 1.6499999999997221, 1.6666666666663887, 1.6833333333330553, 1.699999999999722, 1.7166666666663886, 1.7333333333330552, 1.7499999999997222, 1.7666666666663888, 1.7833333333330554, 1.799999999999722, 1.8166666666663887, 1.8333333333330553, 1.8499999999997219, 1.866666666666389, 1.8833333333330555, 1.8999999999997221, 1.9166666666663887, 1.9333333333330553, 1.949999999999722, 1.9666666666663886, 1.9833333333330552, 1.9999999999997222, 2.0008915411382024]],