{"x [m]": [8.52e-06, 2.556e-05, 4.26e-05, 5.964e-05, 7.668e-05, 8.64e-05, 8.88e-05, 9.12e-05, 9.36e-05, 9.6e-05, 0.00010476, 0.00011988000000000001, 0.00013500000000000003, 0.00015012, 0.00016523999999999998], "x_n [m]": [8.52e-06, 2.556e-05, 4.26e-05, 5.964e-05, 7.668e-05], "x_s [m]": [8.64e-05, 8.88e-05, 9.12e-05, 9.36e-05, 9.6e-05], "x_p [m]": [0.00010476, 0.00011988000000000001, 0.00013500000000000003, 0.00015012, 0.00016523999999999998], "CCend Porosity": [[0.2275403469286011, 0.22752460838563512, 0.227490532628257, 0.22743200088081442, 0.22733672979835456, 0.47, 0.47, 0.47, 0.47, 0.47, 0.335, 0.335, 0.335, 0.335, 0.335]], "CCend Negative electrode interfacial current density [A.m-2]": [[-0.42375716842652883, -0.4325753824878729, -0.44771722487852167, -0.4619956713829904, -0.45638993337550826]], "CCend Electrolyte potential [V]": [[-0.049823556925817074, -0.04864507417766831, -0.04627052698000829, -0.04266447712122941, -0.03777523264800675, -0.0351239877153894, -0.03482970740442094, -0.03453517282075384, -0.03424037276900545, -0.03394529588283043, -0.03237731014774123, -0.029850876036573423, -0.027930049575183233, -0.026643764716044155, -0.02600471206440369]], "CCend Electrolyte concentration [mol.m-3]": [[784.9181116845095, 799.6924454402118, 830.349555651714, 879.2870425248377, 950.5789820499606, 999.7588969512447, 1004.4881897034554, 1009.2458086678137, 1014.0321574211822, 1018.8476485015403, 1047.483834841427, 1091.0572563276933, 1125.5160690795974, 1149.262563001591, 1161.2664257154263]], "CCend Negative electrode reaction overpotential [V]": [[-0.04186303380983181, -0.04299467667962446, -0.04529035015189101, -0.04881908966685351, -0.053668713885613055]], "CCend Negative particle surface concentration [mol.m-3]": [[26247.815364853668, 26586.001907199257, 27274.64100525267, 28323.804189469178, 29710.999769930087]], "CDend Porosity": [[0.22786425350319484, 0.2278642713069175, 0.2278643009544287, 0.2278643348718088, 0.22786436754930872, 0.47, 0.47, 0.47, 0.47, 0.47, 0.335, 0.335, 0.335, 0.335, 0.335]], "CDend Negative electrode interfacial current density [A.m-2]": [[0.7589588544381612, 0.7546862326641894, 0.7468444275825643, 0.7363388691081244, 0.7238308338305836]], "CDend Electrolyte potential [V]": [[-0.9629127448454979, -0.9655251444440176, -0.9704476802791964, -0.9773072448891618, -0.9858810289463218, -0.9903831288421621, -0.9908697948843833, -0.9913562042892928, -0.9918423985719795, -0.9923284185211997, -0.994883489206263, -0.998970851796693, -1.0020529064976402, -1.004116317663419, -1.005148791586892]], "CDend Electrolyte concentration [mol.m-3]": [[1501.1248131223695, 1436.3689002034184, 1322.9247071089146, 1181.5116271397164, 1027.9550791250674, 938.5744210774391, 931.310443757736, 924.11008570091, 916.9720390740147, 909.8950373311436, 871.1463675231241, 816.3948465070963, 777.4941065874526, 752.528783154013, 740.3488589549877]], "CDend Negative electrode reaction overpotential [V]": [[0.09244410422135134, 0.09335517551580692, 0.09506689123146876, 0.09744308575202743, 0.10040627312637825]], "CDend Negative particle surface concentration [mol.m-3]": [[833.9776142870055, 830.0341724194872, 822.6229251264544, 812.3513359206736, 799.6232552545612]], "CD Time [h]": [[0.0, 0.016666666666388885, 0.03333333333305555, 0.04999999999972221, 0.06666666666638887, 0.08333333333305554, 0.0999999999997222, 0.11666666666638886, 0.13333333333305553, 0.14999999999972224, 0.1666666666663889, 0.18333333333305557, 0.19999999999972223, 0.2166666666663889, 0.2333333333330555, 0.24999999999972222, 0.26666666666638894, 0.28333333333305555, 0.29999999999972227, 0.3166666666663889, 0.3333333333330556, 0.3499999999997222, 0.3666666666663889, 0.3833333333330555, 0.39999999999972224, 0.41666666666638885, 0.43333333333305557, 0.4499999999997222, 0.4666666666663889, 0.4833333333330555, 0.4999999999997222, 0.5166666666663889, 0.5333333333330555, 0.5499999999997223, 0.5666666666663889, 0.5833333333330556, 0.5999999999997222, 0.6166666666663889, 0.6333333333330555, 0.6499999999997222, 0.6666666666663889, 0.6833333333330556, 0.6999999999997222, 0.7166666666663888, 0.7333333333330556, 0.7499999999997222, 0.7666666666663888, 0.7833333333330557, 0.7999999999997223, 0.8166666666663889, 0.8333333333330555, 0.8499999999997223, 0.8666666666663889, 0.8833333333330557, 0.8999999999997224, 0.916666666666389, 0.9333333333330556, 0.9499999999997224, 0.966666666666389, 0.9833333333330556, 0.9999999999997224, 1.016666666666389, 1.0333333333330557, 1.0499999999997223, 1.066666666666389, 1.0833333333330557, 1.0999999999997223, 1.116666666666389, 1.1333333333330557, 1.1499999999997224, 1.166666666666389, 1.1833333333330556, 1.1999999999997224, 1.216666666666389, 1.2333333333330556, 1.2499999999997224, 1.266666666666389, 1.2833333333330557, 1.2999999999997223, 1.316666666666389, 1.3333333333330557, 1.3499999999997223, 1.366666666666389, 1.3833333333330557, 1.3999999999997224, 1.416666666666389, 1.4333333333330556, 1.4499999999997224, 1.466666666666389, 1.4833333333330556, 1.4999999999997224, 1.516666666666389, 1.5333333333330557, 1.5499999999997223, 1.566666666666389, 1.5833333333330557, 1.5999999999997223, 1.616666666666389, 1.6333333333330557, 1.6499999999997224, 1.666666666666389, 1.6833333333330556, 1.6999999999997224, 1.716666666666389, 1.7333333333330556, 1.7499999999997222, 1.7666666666663888, 1.7833333333330559, 1.7999999999997225, 1.816666666666389, 1.8333333333330557, 1.8499999999997223, 1.866666666666389, 1.8833333333330555, 1.8999999999997221, 1.9166666666663892, 1.9333333333330558, 1.9499999999997224, 1.966666666666389, 1.9833333333330556, 1.9999999999997222, 2.0025052048106984]],