{"x [m]": [8.52e-06, 2.556e-05, 4.26e-05, 5.964e-05, 7.668e-05, 8.64e-05, 8.88e-05, 9.12e-05, 9.36e-05, 9.6e-05, 0.00010476, 0.00011988000000000001, 0.00013500000000000003, 0.00015012, 0.00016523999999999998], "x_n [m]": [8.52e-06, 2.556e-05, 4.26e-05, 5.964e-05, 7.668e-05], "x_s [m]": [8.64e-05, 8.88e-05, 9.12e-05, 9.36e-05, 9.6e-05], "x_p [m]": [0.00010476, 0.00011988000000000001, 0.00013500000000000003, 0.00015012, 0.00016523999999999998], "CCend Porosity": [[0.2057419802612059, 0.20572485258969195, 0.2056873586107327, 0.20562169281369141, 0.20551155429648454, 0.47, 0.47, 0.47, 0.47, 0.47, 0.335, 0.335, 0.335, 0.335, 0.335]], "CCend Negative electrode interfacial current density [A.m-2]": [[-0.41792501230084295, -0.42903508378354255, -0.4484239611316841, -0.4672809785551965, -0.45988762159233015]], "CCend Electrolyte potential [V]": [[-0.05048582115146302, -0.04912724606173042, -0.046386290691439375, -0.042214260019062, -0.03653860805372049, -0.033561100171283165, -0.03326675183344866, -0.03297214452331981, -0.032677266980761024, -0.032382107772219615, -0.030813541607292994, -0.028285497614826308, -0.02636309867069088, -0.02507577062772287, -0.024436334567307386]], "CCend Electrolyte concentration [mol.m-3]": [[757.2706184703944, 773.7057942904495, 808.00212086839, 863.2891266740122, 945.0140766789013, 1001.4765007688138, 1006.2154408285844, 1010.9828643745731, 1015.779178509586, 1020.6047994099632, 1049.304489489534, 1092.9876946153995, 1127.5412906134427, 1151.3538497347454, 1163.3888339452112]], "CCend Negative electrode reaction overpotential [V]": [[-0.04123231878449515, -0.042531710094008454, -0.04517194487786636, -0.04924381668520382, -0.05486719483835994]], "CCend Negative particle surface concentration [mol.m-3]": [[25860.35533585585, 26242.616021040158, 27025.92641288395, 28229.202738135587, 29828.30229513866]], "CDend Porosity": [[0.20604611771116177, 0.2060461418543929, 0.2060461800211796, 0.20604622094058586, 0.20604625796122442, 0.47, 0.47, 0.47, 0.47, 0.47, 0.335, 0.335, 0.335, 0.335, 0.335]], "CDend Negative electrode interfacial current density [A.m-2]": [[0.7622151138376978, 0.7567405454230556, 0.7470525883188346, 0.7345583388063562, 0.7200812592341788]], "CDend Electrolyte potential [V]": [[-0.9616086047356802, -0.9649107327304626, -0.970962964704597, -0.9791537782671497, -0.9891938263574195, -0.9942627232945287, -0.9947489558410895, -0.9952350269181233, -0.9957209764245727, -0.9962068436195863, -0.9987631131796175, -1.0028550173548947, -1.0059440138058264, -1.0080141678313688, -1.0090509923147257]], "CDend Electrolyte concentration [mol.m-3]": [[1618.8113051531188, 1529.8649019704205, 1381.1612049642106, 1205.7194080883498, 1023.9403801818004, 921.1356106905264, 914.0203122160073, 906.9656802044282, 899.9704993744024, 893.0335918629008, 855.0065507215593, 801.2493364274599, 763.0071123245764, 738.439057303628, 726.4418692784725]], "CDend Negative electrode reaction overpotential [V]": [[0.09083796752854446, 0.09200059423347709, 0.09412401188383226, 0.09698045404559011, 0.10046657234070186]], "CDend Negative particle surface concentration [mol.m-3]": [[833.3213273965439, 828.3644466849372, 819.3125083018543, 807.133549205206, 792.3428747440405]], "CD Time [h]": [[0.0, 0.016666666666388885, 0.03333333333305555, 0.04999999999972227, 0.06666666666638893, 0.08333333333305559, 0.09999999999972226, 0.11666666666638892, 0.13333333333305558, 0.14999999999972224, 0.1666666666663889, 0.18333333333305557, 0.19999999999972223, 0.21666666666638895, 0.23333333333305556, 0.24999999999972228, 0.2666666666663889, 0.2833333333330556, 0.2999999999997222, 0.31666666666638893, 0.33333333333305554, 0.34999999999972226, 0.36666666666638886, 0.3833333333330556, 0.3999999999997222, 0.4166666666663889, 0.4333333333330556, 0.44999999999972223, 0.46666666666638895, 0.48333333333305556, 0.4999999999997223, 0.5166666666663888, 0.5333333333330557, 0.5499999999997223, 0.5666666666663889, 0.5833333333330555, 0.5999999999997223, 0.6166666666663889, 0.6333333333330555, 0.6499999999997221, 0.666666666666389, 0.6833333333330556, 0.6999999999997222, 0.7166666666663888, 0.7333333333330556, 0.7499999999997222, 0.7666666666663888, 0.7833333333330554, 0.7999999999997223, 0.8166666666663889, 0.8333333333330555, 0.8499999999997221, 0.8666666666663889, 0.8833333333330555, 0.8999999999997221, 0.916666666666389, 0.9333333333330556, 0.9499999999997222, 0.9666666666663888, 0.9833333333330556, 0.9999999999997222, 1.0166666666663888, 1.0333333333330554, 1.0499999999997223, 1.0666666666663889, 1.0833333333330555, 1.099999999999722, 1.116666666666389, 1.1333333333330555, 1.1499999999997221, 1.166666666666389, 1.1833333333330556, 1.1999999999997222, 1.2166666666663888, 1.2333333333330556, 1.2499999999997222, 1.2666666666663888, 1.2833333333330554, 1.2999999999997223, 1.3166666666663889, 1.3333333333330555, 1.349999999999722, 1.366666666666389, 1.3833333333330555, 1.3999999999997221, 1.416666666666389, 1.4333333333330556, 1.4499999999997222, 1.4666666666663888, 1.4833333333330556, 1.4999999999997222, 1.5166666666663888, 1.5333333333330554, 1.5499999999997223, 1.5666666666663889, 1.5833333333330555, 1.599999999999722, 1.616666666666389, 1.6333333333330555, 1.6499999999997221, 1.6666666666663887, 1.6833333333330556, 1.6999999999997222, 1.716666666666389, 1.7333333333330556, 1.7499999999997222, 1.7666666666663888, 1.7833333333330554, 1.799999999999722, 1.8166666666663887, 1.8333333333330557, 1.8499999999997223, 1.866666666666389, 1.8833333333330555, 1.8999999999997221, 1.9166666666663887, 1.9333333333330553, 1.9499999999997224, 1.966666666666389, 1.9833333333330556, 1.9913978589550398]],