{"x [m]": [8.52e-06, 2.556e-05, 4.26e-05, 5.964e-05, 7.668e-05, 8.64e-05, 8.88e-05, 9.12e-05, 9.36e-05, 9.6e-05, 0.00010476, 0.00011988000000000001, 0.00013500000000000003, 0.00015012, 0.00016523999999999998], "x_n [m]": [8.52e-06, 2.556e-05, 4.26e-05, 5.964e-05, 7.668e-05], "x_s [m]": [8.64e-05, 8.88e-05, 9.12e-05, 9.36e-05, 9.6e-05], "x_p [m]": [0.00010476, 0.00011988000000000001, 0.00013500000000000003, 0.00015012, 0.00016523999999999998], "CCend Porosity": [[0.20536582048476434, 0.20535022285262608, 0.20531611421261098, 0.2052564793346192, 0.20515669127123734, 0.47, 0.47, 0.47, 0.47, 0.47, 0.335, 0.335, 0.335, 0.335, 0.335]], "CCend Negative electrode interfacial current density [A.m-2]": [[-0.4059812913414517, -0.4185564700979112, -0.442009139095085, -0.4705073919227408, -0.48611014266781355]], "CCend Electrolyte potential [V]": [[-0.05291613579102763, -0.051593245212787464, -0.04891810082228758, -0.04482816188954702, -0.0392207279289632, -0.03623714582992693, -0.03594280538976429, -0.035648208630995805, -0.03535334432359455, -0.03505820106549636, -0.033489773989077154, -0.030962828489218247, -0.029041518487144202, -0.02775473252031141, -0.02711528821491614]], "CCend Electrolyte concentration [mol.m-3]": [[759.6226791290877, 775.6749413557229, 809.2219338330872, 863.4745152381352, 944.1939102646891, 1000.7501839054456, 1005.4855964154326, 1010.2494133104269, 1015.0420399070059, 1019.8638905353821, 1048.5397732193567, 1092.171141258033, 1126.678266842934, 1150.461800424516, 1162.4872514935003]], "CCend Negative electrode reaction overpotential [V]": [[-0.0388724414422097, -0.040124647991103234, -0.042675344152962716, -0.04661807781939796, -0.05213119008041709]], "CCend Negative particle surface concentration [mol.m-3]": [[25080.585693407556, 25442.054409807126, 26188.55208102097, 27353.864076245227, 28957.036467951115]], "CDend Porosity": [[0.20564247949749334, 0.2056425020133661, 0.20564253760148615, 0.20564257574354633, 0.20564261024222136, 0.47, 0.47, 0.47, 0.47, 0.47, 0.335, 0.335, 0.335, 0.335, 0.335]], "CDend Negative electrode interfacial current density [A.m-2]": [[0.761588928650366, 0.7563133466050705, 0.7469692569936528, 0.7349014805043208, 0.7208932262767604]], "CDend Electrolyte potential [V]": [[-0.981619872109474, -0.9849341056795129, -0.9910061410656249, -0.9992208014424891, -1.0092888568545892, -1.0143696179937236, -1.0148558461894925, -1.0153419155538568, -1.015827865949487, -1.0163137366016617, -1.018870070782541, -1.0229569882856044, -1.0260414628883097, -1.0281098335889827, -1.0291472848153425]], "CDend Electrolyte concentration [mol.m-3]": [[1621.0505913687741, 1531.6428266761418, 1382.275654245049, 1206.1955038335705, 1023.8699791046375, 920.782128381126, 913.6697505077615, 906.6179643518318, 899.6255569595022, 892.6913526953194, 854.678157381509, 801.004962915316, 762.8285785373458, 738.2866703163185, 726.2845545222202]], "CDend Negative electrode reaction overpotential [V]": [[0.09200272491674544, 0.09318813909700152, 0.0953512085666041, 0.09825795682218354, 0.10180241764035056]], "CDend Negative particle surface concentration [mol.m-3]": [[790.811912566164, 786.0506103019418, 777.354130228881, 765.6479711452955, 751.4202124924881]], "CD Time [h]": [[0.0, 0.016666666666388885, 0.03333333333305555, 0.04999999999972221, 0.06666666666638887, 0.08333333333305554, 0.0999999999997222, 0.11666666666638886, 0.13333333333305553, 0.1499999999997222, 0.16666666666638885, 0.18333333333305551, 0.19999999999972218, 0.21666666666638884, 0.23333333333305556, 0.24999999999972217, 0.2666666666663889, 0.2833333333330555, 0.2999999999997222, 0.3166666666663888, 0.33333333333305554, 0.34999999999972226, 0.36666666666638886, 0.3833333333330556, 0.3999999999997222, 0.4166666666663889, 0.4333333333330555, 0.44999999999972223, 0.46666666666638884, 0.48333333333305556, 0.49999999999972217, 0.5166666666663888, 0.5333333333330554, 0.5499999999997223, 0.5666666666663889, 0.5833333333330555, 0.5999999999997223, 0.6166666666663889, 0.6333333333330555, 0.6499999999997221, 0.666666666666389, 0.6833333333330556, 0.6999999999997222, 0.7166666666663888, 0.7333333333330556, 0.7499999999997222, 0.7666666666663888, 0.7833333333330557, 0.7999999999997223, 0.8166666666663889, 0.8333333333330555, 0.8499999999997223, 0.8666666666663889, 0.8833333333330555, 0.8999999999997224, 0.916666666666389, 0.9333333333330556, 0.9499999999997222, 0.966666666666389, 0.9833333333330556, 0.9999999999997222, 1.0166666666663888, 1.0333333333330557, 1.0499999999997223, 1.0666666666663889, 1.0833333333330555, 1.0999999999997223, 1.116666666666389, 1.1333333333330555, 1.1499999999997224, 1.166666666666389, 1.1833333333330556, 1.1999999999997222, 1.216666666666389, 1.2333333333330556, 1.2499999999997222, 1.2666666666663888, 1.2833333333330557, 1.2999999999997223, 1.3166666666663889, 1.3333333333330555, 1.3499999999997223, 1.366666666666389, 1.3833333333330555, 1.3999999999997224, 1.416666666666389, 1.4333333333330556, 1.4499999999997222, 1.466666666666389, 1.4833333333330556, 1.4999999999997222, 1.5166666666663888, 1.5333333333330557, 1.5499999999997223, 1.5666666666663889, 1.5833333333330555, 1.5999999999997223, 1.616666666666389, 1.6333333333330555, 1.6499999999997224, 1.666666666666389, 1.6833333333330556, 1.6999999999997222, 1.716666666666389, 1.7333333333330556, 1.7499999999997222, 1.7666666666663888, 1.7833333333330554, 1.799999999999722, 1.816666666666389, 1.8333333333330557, 1.8499999999997223, 1.866666666666389, 1.8833333333330555, 1.8999999999997221, 1.9166666666663887, 1.931963738938127]], "CD Terminal voltage [V]": [[4.102168017756769, 4.02214651280889, 3.9998557597662963, 3.9899817241726323, 3.9852415127679857, 3.982559258581258, 3.980367987779692, 3.9778848381247744, 3.9747022219028514, 3.970633545566985, 3.9656516461478053, 3.9598376834249556, 3.953322904866763, 3.9462636645603943, 3.938810952502524, 3.9311020691779452, 3.9232513604385675, 3.915352104928977, 3.9074717615192, 3.8996533858643074, 3.891917284884998, 3.8842604407528096, 3.876660211561411, 3.869079570909069, 3.861474356276663, 3.853809348411013, 3.8460627509511145, 3.8382247012085013, 3.8302889129002695, 3.822246436501165, 3.8140832741953385, 3.805781155890651, 3.7973183859852635, 3.7886759892163253, 3.779848654809837, 3.770859288441504, 3.761767940275364, 3.7526617606474773, 3.743624490255461, 3.73470274686216, 3.72589504293642, 3.717163967161607, 3.7084616156841106, 3.6997498176472687, 3.6910140329102767, 3.682268334932762, 3.6735520066911533, 3.664922796005079, 3.6564453095551324, 3.648181130747539, 3.6401799839142583, 3.6324739774077504, 3.625075654986599, 3.6179790945449444, 3.6111634061755318, 3.6045961340394532, 3.5982380647609435, 3.5920465912067048, 3.585978808518985, 3.5799924988081395, 3.574049862377637, 3.568117113132756, 3.562165140935467, 3.5561696576184287, 3.5501099312552573, 3.543968496090458, 3.5377292016446793, 3.531377157030919, 3.524897539251552, 3.5182747504236955, 3.5114920648779204, 3.5045310290034575, 3.4973711583687592, 3.4899901130223188, 3.4823650566204085, 3.474473634491021, 3.466298960215621, 3.457833725328271, 3.4490876853215835, 3.440091375117955, 3.4309020290211256, 3.4215971467100426, 3.4122671597214715, 3.403002020242374, 3.393877456995222, 3.384945729339112, 3.3762298689936436, 3.367720307364113, 3.3593755848127813, 3.351124035258806, 3.342861887083719, 3.334456940939936, 3.325751778204956, 3.316566785152186, 3.3066935405538462, 3.2958728900853664, 3.283749027724589, 3.269812819383616, 3.2533832529766227, 3.2337949439058202, 3.210954747564745, 3.185836986196228, 3.1600768060751316, 3.1349419247265238, 3.110728754743624, 3.086879284510652, 3.0623871937120786, 3.0361072631792405, 3.0068780486059836, 2.973520308750974, 2.9347820833606963, 2.8892706200074656, 2.83536544586309, 2.771137275309008, 2.694235738266217, 2.6017550511556315, 2.5000100000000014]], "Discharge capacity [A.h]": [4.829909347345318], "Throughput capacity [A.h]": [9.33445675481423],