{"x [m]": [8.52e-06, 2.556e-05, 4.26e-05, 5.964e-05, 7.668e-05, 8.64e-05, 8.88e-05, 9.12e-05, 9.36e-05, 9.6e-05, 0.00010476, 0.00011988000000000001, 0.00013500000000000003, 0.00015012, 0.00016523999999999998], "x_n [m]": [8.52e-06, 2.556e-05, 4.26e-05, 5.964e-05, 7.668e-05], "x_s [m]": [8.64e-05, 8.88e-05, 9.12e-05, 9.36e-05, 9.6e-05], "x_p [m]": [0.00010476, 0.00011988000000000001, 0.00013500000000000003, 0.00015012, 0.00016523999999999998], "CCend Porosity": [[0.20980419699348274, 0.2097887563951037, 0.20975506936191843, 0.20969641252734236, 0.20959888450402037, 0.47, 0.47, 0.47, 0.47, 0.47, 0.335, 0.335, 0.335, 0.335, 0.335]], "CCend Negative electrode interfacial current density [A.m-2]": [[-0.4082747412876329, -0.42026255474589097, -0.4424856001351493, -0.4691443249579097, -0.4829397786161072]], "CCend Electrolyte potential [V]": [[-0.052621814592143414, -0.05133494733014402, -0.04873382047838306, -0.04476040702010121, -0.03932029875934055, -0.03640973608071448, -0.03611540920189229, -0.035820826754864935, -0.035525977519959805, -0.035230850105883615, -0.033662532349326035, -0.03113584926085719, -0.029214795094670135, -0.027928189531131284, -0.027288823749133634]], "CCend Electrolyte concentration [mol.m-3]": [[765.4410482653003, 781.1751261192372, 814.0137222808471, 866.9945235942891, 945.5274546460507, 1000.4551064512706, 1005.1888119111567, 1009.9508957933615, 1014.7417628481849, 1019.5618268209331, 1048.2265239708372, 1091.8391063745266, 1126.3300731698841, 1150.1021362723163, 1162.1219442519318]], "CCend Negative electrode reaction overpotential [V]": [[-0.039152341450509, -0.04037276200569211, -0.04285665056043273, -0.046692311910834214, -0.05204615172814908]], "CCend Negative particle surface concentration [mol.m-3]": [[25220.584867216225, 25574.980323996675, 26305.370977029663, 27441.827390736602, 28998.452431015045]], "CDend Porosity": [[0.21008688402953674, 0.21008690519020104, 0.21008693905848272, 0.210086975915722, 0.21008700973036523, 0.47, 0.47, 0.47, 0.47, 0.47, 0.335, 0.335, 0.335, 0.335, 0.335]], "CDend Negative electrode interfacial current density [A.m-2]": [[0.7608834634461714, 0.7558821599556472, 0.746942194721082, 0.7352890718274343, 0.7216777711720911]], "CDend Electrolyte potential [V]": [[-0.9806621278666258, -0.983806307555256, -0.9896076598156955, -0.9975137223796735, -1.0072489739944834, -1.0122025890066253, -1.0126888963045182, -1.0131750226885292, -1.0136610083832767, -1.014146892956466, -1.0167028321078235, -1.0207884488817192, -1.0238710936778337, -1.025937733913532, -1.026974083379422]], "CDend Electrolyte concentration [mol.m-3]": [[1592.6614951429622, 1509.4718695457213, 1368.8607023506413, 1200.8561051593883, 1024.963019985014, 924.8734037705125, 917.7265664152332, 910.6409961082088, 903.6154589376995, 896.6487591769044, 858.4679905256664, 804.5647635881267, 766.2361757718803, 741.6024553155942, 729.5580794567596]], "CDend Negative electrode reaction overpotential [V]": [[0.09230381217076439, 0.09342479235478482, 0.09548503061745252, 0.09827561316296557, 0.10169637255468109]], "CDend Negative particle surface concentration [mol.m-3]": [[793.5972436921252, 789.0617779039735, 780.7170973342533, 769.4021329538235, 755.5850110351951]], "CD Time [h]": [[0.0, 0.016666666666388885, 0.03333333333305555, 0.04999999999972227, 0.06666666666638893, 0.08333333333305559, 0.09999999999972226, 0.11666666666638892, 0.13333333333305558, 0.14999999999972224, 0.1666666666663889, 0.18333333333305557, 0.19999999999972223, 0.2166666666663889, 0.23333333333305561, 0.24999999999972222, 0.26666666666638894, 0.28333333333305555, 0.29999999999972216, 0.3166666666663889, 0.3333333333330555, 0.3499999999997222, 0.3666666666663888, 0.3833333333330555, 0.39999999999972213, 0.41666666666638885, 0.43333333333305546, 0.4499999999997222, 0.4666666666663889, 0.4833333333330555, 0.4999999999997222, 0.5166666666663888, 0.5333333333330555, 0.5499999999997222, 0.5666666666663889, 0.5833333333330555, 0.5999999999997222, 0.6166666666663888, 0.6333333333330555, 0.6499999999997221, 0.6666666666663889, 0.6833333333330555, 0.6999999999997222, 0.7166666666663889, 0.7333333333330555, 0.7499999999997221, 0.7666666666663889, 0.7833333333330555, 0.7999999999997222, 0.8166666666663888, 0.8333333333330556, 0.8499999999997222, 0.8666666666663888, 0.8833333333330554, 0.8999999999997222, 0.9166666666663889, 0.9333333333330555, 0.9499999999997221, 0.9666666666663889, 0.9833333333330555, 0.9999999999997221, 1.016666666666389, 1.0333333333330557, 1.0499999999997223, 1.0666666666663889, 1.0833333333330555, 1.099999999999722, 1.1166666666663887, 1.1333333333330553, 1.1499999999997224, 1.166666666666389, 1.1833333333330556, 1.1999999999997222, 1.2166666666663888, 1.2333333333330554, 1.249999999999722, 1.266666666666389, 1.2833333333330557, 1.2999999999997223, 1.3166666666663889, 1.3333333333330555, 1.349999999999722, 1.3666666666663887, 1.3833333333330553, 1.3999999999997224, 1.416666666666389, 1.4333333333330556, 1.4499999999997222, 1.4666666666663888, 1.4833333333330554, 1.499999999999722, 1.516666666666389, 1.5333333333330557, 1.5499999999997223, 1.5666666666663889, 1.5833333333330555, 1.599999999999722, 1.6166666666663887, 1.6333333333330553, 1.6499999999997224, 1.666666666666389, 1.6833333333330556, 1.6999999999997222, 1.7166666666663888, 1.7333333333330554, 1.749999999999722, 1.7666666666663886, 1.7833333333330552, 1.7999999999997223, 1.8166666666663889, 1.8333333333330555, 1.849999999999722, 1.8666666666663887, 1.8833333333330553, 1.899999999999722, 1.9166666666663885, 1.9333333333330556, 1.9388238529326647]], "CD Terminal voltage [V]": [[4.101842162912689, 4.022031600957412, 3.9998623861839584, 3.990055900837212, 3.9853546676428886, 3.9826979965814697, 3.9805261559914547, 3.9780588941632207, 3.974891874979595, 3.970837078107449, 3.9658686367731386, 3.9600673045325756, 3.9535644895009914, 3.9465171230238276, 3.939076464592362, 3.9313802859390874, 3.9235443898440385, 3.9156620107889246, 3.9078033397101324, 3.9000138997594966, 3.8923176591785653, 3.884716297273007, 3.8771918391687725, 3.869710158902171, 3.862225169598073, 3.854694425642223, 3.8470857813365518, 3.839381028758683, 3.8315696388558047, 3.823640710949949, 3.815579245687365, 3.8073659227936294, 3.798977234531746, 3.790389941440773, 3.781590659480745, 3.772590617788716, 3.7634388747762078, 3.754220346724457, 3.7450306348846674, 3.7359386075895733, 3.7269648521555965, 3.7180880701337204, 3.7092667318516197, 3.700463060815613, 3.6916593533671573, 3.6828656616284805, 3.6741173710643698, 3.6654684552360495, 3.6569809640501516, 3.6487145380669355, 3.6407176412968916, 3.633021728938461, 3.6256391218890878, 3.6185633631456566, 3.6117745776989114, 3.605241251704883, 3.5989235826455364, 3.592779908462657, 3.5867672987326005, 3.580844145131377, 3.574971232398026, 3.569114053517306, 3.56324237723282, 3.5573302969025584, 3.551356043034857, 3.5453012449236465, 3.5391493072941254, 3.5328851665649568, 3.5264940859264575, 3.519960755896833, 3.513268790325684, 3.5064001792260893, 3.4993348746778423, 3.4920507631288196, 3.4845247777732413, 3.476733528379822, 3.468657797594636, 3.4602862267283765, 3.4516218232921743, 3.442688856524793, 3.433535557654604, 3.424234057664047, 3.414872943497458, 3.4055450985414364, 3.396333913031418, 3.387302726245757, 3.3784875122783666, 3.3698924615552324, 3.361490315791341, 3.35322364906787, 3.34500295456591, 3.336709045485482, 3.328194012288118, 3.3192851620373354, 3.3097822036710367, 3.29944478141225, 3.287956227557259, 3.274869655730998, 3.259563659805125, 3.2413217919759028, 3.2197420841559206, 3.195352696691816, 3.1696272478240806, 3.1441024725135858, 3.1195054652538206, 3.095594127017252, 3.071502266829759, 3.0461150727477855, 3.0182724411889623, 2.986806217566956, 2.9505032253584256, 2.9080388897377496, 2.8579002039050243, 2.7983001735937365, 2.727083177731619, 2.6415986186365874, 2.538519882615796, 2.5000099999999996]], "Discharge capacity [A.h]": [4.847059632331662],