{"x [m]": [8.52e-06, 2.556e-05, 4.26e-05, 5.964e-05, 7.668e-05, 8.64e-05, 8.88e-05, 9.12e-05, 9.36e-05, 9.6e-05, 0.00010476, 0.00011988000000000001, 0.00013500000000000003, 0.00015012, 0.00016523999999999998], "x_n [m]": [8.52e-06, 2.556e-05, 4.26e-05, 5.964e-05, 7.668e-05], "x_s [m]": [8.64e-05, 8.88e-05, 9.12e-05, 9.36e-05, 9.6e-05], "x_p [m]": [0.00010476, 0.00011988000000000001, 0.00013500000000000003, 0.00015012, 0.00016523999999999998], "CCend Porosity": [[0.2118380299125275, 0.21182352168846486, 0.21179192454437332, 0.21173707327373384, 0.21164628518590523, 0.47, 0.47, 0.47, 0.47, 0.47, 0.335, 0.335, 0.335, 0.335, 0.335]], "CCend Negative electrode interfacial current density [A.m-2]": [[-0.4034902322312775, -0.41593090776446484, -0.43961197504360344, -0.47018811847839403, -0.4941338296924762]], "CCend Electrolyte potential [V]": [[-0.05373031479010375, -0.05247767151623263, -0.049943317760481346, -0.04606475204446262, -0.04073708902935579, -0.037858973008069355, -0.03756465846197706, -0.037270089969396444, -0.03697525633016623, -0.036680146173135836, -0.03511195975561234, -0.0325859374044076, -0.030665532466823228, -0.029379281018234865, -0.028739957937041177]], "CCend Electrolyte concentration [mol.m-3]": [[769.371694315402, 784.765249970972, 816.8974554580759, 868.7658766972504, 945.7685821484229, 999.9533402951031, 1004.6844258965929, 1009.4438392471874, 1014.2319839687905, 1019.0492726468196, 1047.6965104557823, 1091.274368848173, 1125.7346437903097, 1149.4867310805187, 1161.498871595542]], "CCend Negative electrode reaction overpotential [V]": [[-0.03807813538691475, -0.03925808614599151, -0.04166415871900762, -0.04538435552635403, -0.050584062134672376]], "CCend Negative particle surface concentration [mol.m-3]": [[24822.287947237463, 25160.115780134096, 25858.411127703454, 26951.88901844177, 28470.88579521301]], "CDend Porosity": [[0.21210730881100073, 0.21210732841136293, 0.21210735996906163, 0.21210739456396507, 0.2121074265294777, 0.47, 0.47, 0.47, 0.47, 0.47, 0.335, 0.335, 0.335, 0.335, 0.335]], "CDend Negative electrode interfacial current density [A.m-2]": [[0.7602296914971228, 0.7554543121321433, 0.746878107822081, 0.7356426757539125, 0.7224679620230171]], "CDend Electrolyte potential [V]": [[-0.9915397744471883, -0.9946105384183345, -1.000293848167758, -1.0080640434265142, -1.0176525840759754, -1.022550451531881, -1.023036796403078, -1.0235229509544284, -1.024008955568319, -1.0244948499618596, -1.0270506378226503, -1.0311341665757217, -1.0342146779017491, -1.0362801247047353, -1.037316301640114]], "CDend Electrolyte concentration [mol.m-3]": [[1580.3986255598722, 1499.83986225033, 1362.9824135109393, 1198.4942250178183, 1025.4299746202094, 926.6557828089128, 919.4938815433579, 912.3935380854471, 905.3535094781798, 898.3725913236865, 860.1185043968048, 806.134435480804, 767.7547527744728, 743.0850159253032, 731.0180296548733]], "CDend Negative electrode reaction overpotential [V]": [[0.09312203336674206, 0.09422453055134675, 0.09625667636119854, 0.09901795624004832, 0.1024097371862472]], "CDend Negative particle surface concentration [mol.m-3]": [[771.4475379623289, 767.1155535341326, 759.1176216979056, 748.2332861923485, 734.9069031808978]], "CD Time [h]": [[0.0, 0.016666666666388885, 0.03333333333305555, 0.04999999999972221, 0.06666666666638887, 0.08333333333305554, 0.0999999999997222, 0.11666666666638892, 0.13333333333305558, 0.14999999999972224, 0.1666666666663889, 0.18333333333305557, 0.19999999999972223, 0.2166666666663889, 0.23333333333305556, 0.24999999999972228, 0.2666666666663889, 0.2833333333330556, 0.2999999999997222, 0.3166666666663888, 0.33333333333305554, 0.34999999999972214, 0.36666666666638886, 0.38333333333305547, 0.3999999999997222, 0.4166666666663888, 0.4333333333330555, 0.4499999999997221, 0.46666666666638884, 0.48333333333305545, 0.49999999999972217, 0.5166666666663888, 0.5333333333330554, 0.5499999999997223, 0.5666666666663889, 0.5833333333330555, 0.5999999999997221, 0.6166666666663889, 0.6333333333330555, 0.6499999999997221, 0.6666666666663887, 0.6833333333330556, 0.6999999999997222, 0.7166666666663888, 0.7333333333330556, 0.7499999999997222, 0.7666666666663888, 0.7833333333330557, 0.7999999999997223, 0.8166666666663889, 0.8333333333330555, 0.8499999999997223, 0.8666666666663889, 0.8833333333330555, 0.8999999999997221, 0.916666666666389, 0.9333333333330556, 0.9499999999997222, 0.9666666666663888, 0.9833333333330556, 0.9999999999997222, 1.0166666666663888, 1.0333333333330557, 1.0499999999997223, 1.0666666666663889, 1.0833333333330555, 1.0999999999997223, 1.116666666666389, 1.1333333333330555, 1.1499999999997221, 1.166666666666389, 1.1833333333330556, 1.1999999999997222, 1.2166666666663888, 1.2333333333330556, 1.2499999999997222, 1.2666666666663888, 1.2833333333330557, 1.2999999999997223, 1.3166666666663889, 1.3333333333330555, 1.3499999999997223, 1.366666666666389, 1.3833333333330555, 1.3999999999997221, 1.416666666666389, 1.4333333333330556, 1.4499999999997222, 1.4666666666663888, 1.4833333333330556, 1.4999999999997222, 1.5166666666663888, 1.5333333333330557, 1.5499999999997223, 1.5666666666663889, 1.5833333333330555, 1.5999999999997223, 1.616666666666389, 1.6333333333330555, 1.6499999999997221, 1.666666666666389, 1.6833333333330556, 1.6999999999997222, 1.7166666666663888, 1.7333333333330554, 1.749999999999722, 1.766666666666389, 1.7833333333330557, 1.7999999999997223, 1.8166666666663889, 1.8333333333330555, 1.849999999999722, 1.8666666666663887, 1.8833333333330557, 1.8999999999997224, 1.9062903169030667]], "CD Terminal voltage [V]": [[4.104183156044269, 4.02404547348036, 4.001744271673175, 3.9918252867368933, 3.987021669629093, 3.984272364935257, 3.9820178011511658, 3.9794756462346736, 3.9762401280162893, 3.9721221531198343, 3.9670942874553674, 3.9612366109996664, 3.954679391566584, 3.9475779703168206, 3.9400820461940094, 3.9323271379920213, 3.9244248971787696, 3.916465112486433, 3.9085095060882145, 3.90059383597211, 3.892729257972928, 3.884903274696346, 3.877086606390993, 3.869242332319482, 3.8613362683958083, 3.8533463707097457, 3.845260617749878, 3.8370704505056334, 3.828765695873451, 3.820332815746041, 3.811755723430875, 3.803022152954188, 3.794134210051695, 3.785123658645179, 3.7760622283978957, 3.767051476149314, 3.7581891781551446, 3.7495314018072214, 3.74107492696956, 3.7327671579300485, 3.724531114533605, 3.7162888412341974, 3.707979797095561, 3.6995709809435446, 3.6910604997825596, 3.682477257265184, 3.673873704243167, 3.6653187397940377, 3.6568859808270817, 3.6486422601860404, 3.640643287656178, 3.632923166940574, 3.6254966127922383, 3.618358387179895, 3.6114879133309867, 3.60485404952417, 3.5984157475953635, 3.592130849699152, 3.5859565776372433, 3.5798511043463, 3.5737772769499365, 3.5677019278627413, 3.561596255706881, 3.555435614902529, 3.549197922630772, 3.5428637728243055, 3.5364139944872335, 3.5298300787078567, 3.523092863705574, 3.5161819182692424, 3.5090751994361016, 3.501749126203083, 3.4941792540542354, 3.4863420495038606, 3.4782183973012795, 3.469797853222241, 3.4610861758799634, 3.452109144821706, 3.4429190926413495, 3.4335902274425543, 3.424212003359738, 3.414877127621655, 3.4056683348572028, 3.396646932025541, 3.387846653375354, 3.379270455640884, 3.370890633494481, 3.362647810343333, 3.354451590049614, 3.346182791917766, 3.337691362749191, 3.3288015345745414, 3.31930925891356, 3.3089667376384475, 3.297448308407741, 3.2842951742012225, 3.268875420496694, 3.2504787481157775, 3.2287431459993385, 3.2042574734478726, 3.1785210893221794, 3.153046184284947, 3.1285143206718233, 3.104646956427768, 3.080559125982731, 3.055132861194833, 3.0272065929281133, 2.9956117460700566, 2.9591336387127085, 2.9164430038723097, 2.866019430318116, 2.806064078921299, 2.734408893593227, 2.648383670554752, 2.5446333810071216, 2.50001]], "Discharge capacity [A.h]": [4.765725792257666], "Throughput capacity [A.h]": [9.211547580919719],