{"x [m]": [8.52e-06, 2.556e-05, 4.26e-05, 5.964e-05, 7.668e-05, 8.64e-05, 8.88e-05, 9.12e-05, 9.36e-05, 9.6e-05, 0.00010476, 0.00011988000000000001, 0.00013500000000000003, 0.00015012, 0.00016523999999999998], "x_n [m]": [8.52e-06, 2.556e-05, 4.26e-05, 5.964e-05, 7.668e-05], "x_s [m]": [8.64e-05, 8.88e-05, 9.12e-05, 9.36e-05, 9.6e-05], "x_p [m]": [0.00010476, 0.00011988000000000001, 0.00013500000000000003, 0.00015012, 0.00016523999999999998], "CCend Porosity": [[0.22556496997149617, 0.22555123777555228, 0.22552152764521846, 0.225470549649589, 0.22538767560859296, 0.47, 0.47, 0.47, 0.47, 0.47, 0.335, 0.335, 0.335, 0.335, 0.335]], "CCend Negative electrode interfacial current density [A.m-2]": [[-0.407657863317318, -0.418813815858016, -0.43996647911404607, -0.46727120273291695, -0.4895971444094325]], "CCend Electrolyte potential [V]": [[-0.05340403841683036, -0.052255476665960136, -0.049933625882943644, -0.04638574758373129, -0.04152433542948602, -0.03884680476477601, -0.03855253186652556, -0.03825800764568302, -0.03796322093939149, -0.037668160415260665, -0.03610032055038425, -0.03357524230505897, -0.03165575711294825, -0.03037011953740873, -0.029731027033238835]], "CCend Electrolyte concentration [mol.m-3]": [[785.911331247633, 800.3281614039731, 830.3208745456974, 878.44929556685, 949.2534377286491, 998.9723982044006, 1003.6978976659602, 1008.4516360652043, 1013.2340150233136, 1018.0454450594391, 1046.6559795379471, 1090.170412087646, 1124.5758988957366, 1148.2897156709282, 1160.2837478646272]], "CCend Negative electrode reaction overpotential [V]": [[-0.03837729002316535, -0.03946246965018033, -0.04167107433295138, -0.0450777072778686, -0.049820346203989355]], "CCend Negative particle surface concentration [mol.m-3]": [[25032.36460671552, 25346.28196886518, 25992.50025820182, 26998.470425426764, 28387.089567106104]], "CDend Porosity": [[0.22584466066632022, 0.2258446769338919, 0.22584470394461797, 0.22584473472675493, 0.22584476427014033, 0.47, 0.47, 0.47, 0.47, 0.47, 0.335, 0.335, 0.335, 0.335, 0.335]], "CDend Negative electrode interfacial current density [A.m-2]": [[0.7583548593438765, 0.7542551378368312, 0.7467347791828349, 0.7366596290904661, 0.724651829968615]], "CDend Electrolyte potential [V]": [[-0.9930270236349622, -0.9956870093456706, -1.0006908658391553, -1.0076515556187855, -1.0163421811573514, -1.0208915021033957, -1.0213781312267705, -1.0218645122304313, -1.0223506864904843, -1.022836694664858, -1.0253918698314344, -1.0294719639146825, -1.0325476034485341, -1.034608686495768, -1.0356423050132044]], "CDend Electrolyte concentration [mol.m-3]": [[1509.6826819975715, 1443.3328924956927, 1327.4462108409914, 1183.511565588739, 1027.716155955025, 937.2116514641391, 929.9593199291902, 922.770348441932, 915.6434373833083, 908.5773280660043, 869.8845520137712, 815.3082322763169, 776.5384924654769, 751.6313943345303, 739.4525038885679]], "CDend Negative electrode reaction overpotential [V]": [[0.0941494128667073, 0.09509926687745292, 0.09687974388274685, 0.09934471103185202, 0.10241193129210112]], "CDend Negative particle surface concentration [mol.m-3]": [[770.4246921169592, 766.6643285695768, 759.6043581956601, 749.827182977983, 737.7114994513314]], "CD Time [h]": [[0.0, 0.016666666666388885, 0.033333333333055604, 0.04999999999972227, 0.06666666666638893, 0.08333333333305559, 0.09999999999972226, 0.11666666666638892, 0.13333333333305558, 0.14999999999972224, 0.1666666666663889, 0.18333333333305557, 0.19999999999972223, 0.2166666666663889, 0.23333333333305561, 0.24999999999972222, 0.26666666666638894, 0.28333333333305555, 0.29999999999972227, 0.3166666666663889, 0.3333333333330556, 0.3499999999997222, 0.3666666666663889, 0.3833333333330555, 0.39999999999972224, 0.41666666666638896, 0.43333333333305557, 0.4499999999997223, 0.4666666666663889, 0.4833333333330556, 0.4999999999997222, 0.5166666666663889, 0.5333333333330555, 0.5499999999997223, 0.5666666666663889, 0.5833333333330556, 0.5999999999997222, 0.6166666666663889, 0.6333333333330555, 0.6499999999997222, 0.666666666666389, 0.6833333333330556, 0.6999999999997223, 0.7166666666663889, 0.7333333333330555, 0.7499999999997223, 0.7666666666663889, 0.7833333333330555, 0.7999999999997222, 0.816666666666389, 0.8333333333330556, 0.8499999999997222, 0.866666666666389, 0.8833333333330556, 0.8999999999997225, 0.9166666666663891, 0.9333333333330557, 0.9499999999997223, 0.9666666666663891, 0.9833333333330557, 0.9999999999997223, 1.016666666666389, 1.0333333333330557, 1.0499999999997223, 1.0666666666663889, 1.083333333333056, 1.0999999999997225, 1.1166666666663891, 1.1333333333330557, 1.1499999999997224, 1.166666666666389, 1.1833333333330556, 1.1999999999997222, 1.2166666666663892, 1.2333333333330558, 1.2499999999997224, 1.266666666666389, 1.2833333333330557, 1.2999999999997223, 1.3166666666663889, 1.333333333333056, 1.3499999999997225, 1.3666666666663891, 1.3833333333330557, 1.3999999999997224, 1.416666666666389, 1.4333333333330556, 1.4499999999997222, 1.4666666666663892, 1.4833333333330558, 1.4999999999997224, 1.516666666666389, 1.5333333333330557, 1.5499999999997223, 1.5666666666663889, 1.583333333333056, 1.5999999999997225, 1.6166666666663891, 1.6333333333330557, 1.6499999999997224, 1.666666666666389, 1.6833333333330556, 1.6999999999997222, 1.7166666666663892, 1.7333333333330558, 1.7499999999997224, 1.766666666666389, 1.7833333333330557, 1.7999999999997223, 1.8166666666663893, 1.833333333333056, 1.8499999999997225, 1.8666666666663891, 1.8833333333330557, 1.8999999999997224, 1.9119396612356936]], "CD Terminal voltage [V]": [[4.104311044199257, 4.024585738178724, 4.002532811320409, 3.9927293218028983, 3.987974077934144, 3.9852480154040135, 3.9830083029941097, 3.980477717447819, 3.977253314502705, 3.973146446647914, 3.9681291687665183, 3.9622817884462345, 3.9557348812320363, 3.9486442297835747, 3.94116021651557, 3.9334193872190184, 3.9255350423903175, 3.9175991745471315, 3.9096773086916707, 3.901810185041694, 3.8940153628371217, 3.8862870308292696, 3.878600338488316, 3.8709173024194925, 3.8631933620241066, 3.855391728501405, 3.8474829835375184, 3.8394491191377798, 3.8312699850878635, 3.8229267128804647, 3.814398009037728, 3.8056669581190707, 3.7967323772328982, 3.7876254839705297, 3.7784231667871255, 3.769240077524066, 3.760193436656443, 3.7513595060016427, 3.742749840981044, 3.734318838179737, 3.725989836245478, 3.717681323542726, 3.7093276921483644, 3.700890983590705, 3.6923652731115526, 3.6837759715332, 3.6751735252411315, 3.666625510409349, 3.658204726203736, 3.6499778515757253, 3.642000783076872, 3.6343082753258398, 3.6269158433752997, 3.619819348169786, 3.6129993057888274, 3.6064257540343663, 3.6000586058068498, 3.593856087043804, 3.5877752241513, 3.581774108763845, 3.5758131672615745, 3.569857231082132, 3.5638749861035577, 3.5578388314814986, 3.5517245491349034, 3.545510454759019, 3.5391758623610072, 3.5327008695530777, 3.526065154181596, 3.519247236968949, 3.5122240622490875, 3.50497109104444, 3.497462879052141, 3.4896748792771892, 3.4815868970424715, 3.4731873074982893, 3.4644804794101836, 3.4554906408000488, 3.4462686573312475, 3.4368879321203374, 3.4274386169248197, 3.4180164029362983, 3.4087094167655114, 3.3995867319455435, 3.3906914228914404, 3.3820369885558423, 3.3736075997592536, 3.365355157111096, 3.3572044316769443, 3.349048927481692, 3.3407497959847943, 3.3321369530375198, 3.3230050950156373, 3.31310655952697, 3.302124005839692, 3.2896251234619944, 3.2750145528529195, 3.2575794175313924, 3.2368085364566124, 3.212980465770184, 3.18737981206869, 3.1616254311813856, 3.1367221515909867, 3.112685178786875, 3.0887817572639724, 3.063935994901799, 3.036986603926507, 3.00676691273052, 2.9720841481293925, 2.9316566028851576, 2.8840377352752933, 2.827536544161253, 2.760121683406056, 2.679311992602634, 2.5820147168434824, 2.50001]], "Discharge capacity [A.h]": [4.779849153089233], "Throughput capacity [A.h]": [9.243019463488869],