{"x [m]": [8.52e-06, 2.556e-05, 4.26e-05, 5.964e-05, 7.668e-05, 8.64e-05, 8.88e-05, 9.12e-05, 9.36e-05, 9.6e-05, 0.00010476, 0.00011988000000000001, 0.00013500000000000003, 0.00015012, 0.00016523999999999998], "x_n [m]": [8.52e-06, 2.556e-05, 4.26e-05, 5.964e-05, 7.668e-05], "x_s [m]": [8.64e-05, 8.88e-05, 9.12e-05, 9.36e-05, 9.6e-05], "x_p [m]": [0.00010476, 0.00011988000000000001, 0.00013500000000000003, 0.00015012, 0.00016523999999999998], "CCend Porosity": [[0.22676748858580142, 0.22675340512860578, 0.22672294087445083, 0.2266706887311738, 0.2265858001078143, 0.47, 0.47, 0.47, 0.47, 0.47, 0.335, 0.335, 0.335, 0.335, 0.335]], "CCend Negative electrode interfacial current density [A.m-2]": [[-0.4107455206853229, -0.4214223989151732, -0.4413713120815513, -0.4661719779284786, -0.48345466196251863]], "CCend Electrolyte potential [V]": [[-0.05274548170043223, -0.05159757486744776, -0.04927852142126193, -0.045739186957246616, -0.04089942233743978, -0.03823807443490085, -0.03794380195112365, -0.037649277776845576, -0.03735449074548427, -0.037059429520754555, -0.035491579884171516, -0.03296632516525825, -0.03104666447206876, -0.02976094839537069, -0.029121870531377728]], "CCend Electrolyte concentration [mol.m-3]": [[786.6901672367599, 801.1131499269796, 831.0989464699262, 879.1542372782152, 949.6886081979708, 999.0562960687836, 1003.7821684827345, 1008.536290255441, 1013.3190632416929, 1018.1308982017121, 1046.7440037133836, 1090.2651917013736, 1124.676903247116, 1148.3943592413157, 1160.3892343022862]], "CCend Negative electrode reaction overpotential [V]": [[-0.039015005777121116, -0.04010389832299065, -0.04231763662869272, -0.045728849480672254, -0.050472276694012976]], "CCend Negative particle surface concentration [mol.m-3]": [[25292.100894660005, 25610.30282954323, 26263.914488711416, 27277.201236163593, 28665.14236462796]], "CDend Porosity": [[0.22705665485577337, 0.22705667129608692, 0.22705669865104328, 0.22705672990929, 0.2270567599883183, 0.47, 0.47, 0.47, 0.47, 0.47, 0.335, 0.335, 0.335, 0.335, 0.335]], "CDend Negative electrode interfacial current density [A.m-2]": [[0.7583704640647582, 0.7542731335957731, 0.7467484911586518, 0.7366562115537394, 0.7246201005582514]], "CDend Electrolyte potential [V]": [[-0.9872568082347495, -0.9898864928059494, -0.994838930547367, -1.0017364505905557, -1.0103553070306814, -1.014876215420407, -1.0153628708481521, -1.0158492734981646, -1.0163354648281826, -1.0168214855733828, -1.0193766318037527, -1.0234572631076921, -1.0265332195457268, -1.0285941966140346, -1.029627466017359]], "CDend Electrolyte concentration [mol.m-3]": [[1504.3242594044998, 1438.9866877154304, 1324.6414059006543, 1182.2808247029363, 1027.8609208441094, 938.0325625515354, 930.773115418257, 923.5771745316521, 916.4434356331316, 909.3706355925094, 870.6434516531564, 816.0107173807327, 777.2026927175734, 752.2750508924092, 740.0895993811815]], "CDend Negative electrode reaction overpotential [V]": [[0.09386854638100167, 0.09480312698098046, 0.09655721851174477, 0.09898920876691449, 0.10201868677346837]], "CDend Negative particle surface concentration [mol.m-3]": [[782.4477104575142, 778.6830671640564, 771.6077877148093, 761.7992303990109, 749.6369484517925]], "CD Time [h]": [[0.0, 0.016666666666388885, 0.03333333333305555, 0.04999999999972221, 0.06666666666638887, 0.08333333333305554, 0.0999999999997222, 0.11666666666638886, 0.13333333333305553, 0.1499999999997222, 0.1666666666663889, 0.18333333333305557, 0.19999999999972223, 0.2166666666663889, 0.23333333333305556, 0.24999999999972217, 0.2666666666663889, 0.2833333333330555, 0.2999999999997221, 0.3166666666663888, 0.33333333333305554, 0.34999999999972214, 0.36666666666638886, 0.38333333333305547, 0.3999999999997222, 0.4166666666663888, 0.4333333333330555, 0.4499999999997221, 0.46666666666638884, 0.48333333333305545, 0.49999999999972217, 0.5166666666663888, 0.5333333333330554, 0.549999999999722, 0.5666666666663889, 0.5833333333330555, 0.5999999999997221, 0.6166666666663889, 0.6333333333330555, 0.6499999999997221, 0.6666666666663887, 0.6833333333330556, 0.6999999999997222, 0.7166666666663888, 0.7333333333330554, 0.749999999999722, 0.7666666666663888, 0.7833333333330554, 0.799999999999722, 0.8166666666663887, 0.8333333333330555, 0.8499999999997221, 0.8666666666663887, 0.8833333333330555, 0.8999999999997221, 0.9166666666663887, 0.9333333333330553, 0.9499999999997222, 0.9666666666663888, 0.9833333333330554, 0.999999999999722, 1.0166666666663888, 1.0333333333330554, 1.049999999999722, 1.0666666666663887, 1.0833333333330555, 1.099999999999722, 1.1166666666663887, 1.1333333333330555, 1.1499999999997221, 1.1666666666663887, 1.1833333333330553, 1.1999999999997222, 1.2166666666663888, 1.2333333333330554, 1.249999999999722, 1.2666666666663888, 1.2833333333330554, 1.299999999999722, 1.3166666666663887, 1.3333333333330555, 1.349999999999722, 1.3666666666663887, 1.3833333333330555, 1.3999999999997221, 1.4166666666663887, 1.4333333333330553, 1.4499999999997222, 1.4666666666663888, 1.4833333333330554, 1.499999999999722, 1.5166666666663888, 1.5333333333330554, 1.549999999999722, 1.5666666666663887, 1.5833333333330555, 1.599999999999722, 1.6166666666663887, 1.6333333333330555, 1.6499999999997221, 1.6666666666663887, 1.6833333333330553, 1.6999999999997222, 1.7166666666663888, 1.7333333333330556, 1.7499999999997222, 1.7666666666663888, 1.7833333333330554, 1.799999999999722, 1.8166666666663887, 1.8333333333330553, 1.8499999999997223, 1.866666666666389, 1.8833333333330555, 1.8999999999997221, 1.9166666666663887, 1.9309611541827885]], "CD Terminal voltage [V]": [[4.103039565424313, 4.02356103496829, 4.001622206062097, 3.991899311915227, 3.987209876578468, 3.9845391409513446, 3.982346992350344, 3.979860589470337, 3.9766748491616517, 3.9726052411776753, 3.9676223124265726, 3.961807794672885, 3.955292485858181, 3.9482331796522327, 3.9407810624882784, 3.933073870145665, 3.925227434621907, 3.917335061620945, 3.9094672160356554, 3.901669928195228, 3.893968100924355, 3.886364828995063, 3.87884394770765, 3.8713728786539257, 3.8639052127014297, 3.856394400591734, 3.8487997028749295, 3.8410912805385866, 3.833247036932726, 3.82524641892824, 3.817066401208063, 3.8086818467177848, 3.8000689734919257, 3.7912154295492697, 3.782136695179136, 3.772892111262877, 3.763584680398386, 3.754333030394218, 3.7452276466924332, 3.736300310936933, 3.7275271440437883, 3.7188508183880273, 3.710208967404712, 3.701555547507427, 3.692872558002553, 3.684172807317262, 3.6754964422040954, 3.666901867743724, 3.658455407438546, 3.6502202362974527, 3.642247696144554, 3.6345715849424947, 3.62720614451973, 3.6201471301306825, 3.613375427410091, 3.6068602635567606, 3.6005640306455646, 3.5944452112376175, 3.5884614902532515, 3.582571327052613, 3.5767349548438196, 3.5709167874399714, 3.565084711515536, 3.5592103017903005, 3.553268928139929, 3.547239121077114, 3.541101110719957, 3.5348365551605143, 3.5284273855280186, 3.5218548340213616, 3.5150988418006177, 3.508137676770345, 3.5009476728577207, 3.493503962266023, 3.485782159979077, 3.477760717268801, 3.469426581190927, 3.460780105124979, 3.4518429729601703, 3.44265919032847, 3.4332997579485576, 3.42385240305659, 3.4144133556425116, 3.4050732577309395, 3.3959057414170397, 3.3869595078295136, 3.3782548715401735, 3.3697795032012356, 3.3614934636645817, 3.3533273335458866, 3.345179339965716, 3.336918466084838, 3.3283796714154494, 3.319365115797696, 3.3096352047579014, 3.2988882976607328, 3.286716584119962, 3.2725558336189833, 3.2557010283694363, 3.2355613939969157, 3.212226742766638, 3.186816527368883, 3.1609671288538124, 3.1358500581648654, 3.111666638751018, 3.087794780417852, 3.063196721188202, 3.036715846842012, 3.0071854589381037, 2.9734212003798697, 2.9341628651575764, 2.888002552422399, 2.833298839673054, 2.768093468283692, 2.689998845251875, 2.5960522774958354, 2.5000100000000005]], "Discharge capacity [A.h]": [4.827402885456972], "Throughput capacity [A.h]": [9.336104663059526],